# Justice and Empowerment of Minorities (JEM). Hate Incident Tracker. Jamiat Ulama-i-Hind, New Delhi. https://jem.org.in/tracker/
# License: CC BY 4.0 — free to reuse with attribution to JEM (name and logo reserved)
# Generated: 2026-07-28T19:41:26Z · 207 records
id,ref,date,place,state,category,minority,description,legal_status,perpetrator,affiliation,intervention,lat,lon,geo_approx,sources
r23f4f46f,1,2026-05-01,Trilokpuri Delhi,Delhi,Act of violence,Muslim,"A madrasa student named Ayan Saifi was brutally attacked and stabbed by a mob in Trilokpuri area of Delhi. According to eyewitnesses, religious slogans were allegedly raised during the attack, indicating a possible communal angle.

Ayan was found in a critically injured condition and was first admitted to Lal Bahadur Shastri Hospital. As his condition worsened, he was referred to another hospital, where he later died during treatment.","FIR reportedly registered
Investigation ongoing
Main accused not arrested yet",Identity: Not fully disclosed,Not specified,info collected,28.61,77.31,locality,https://zeenews.india.com/hindi/zeesalaam/muslim-news/jamiat-ulama-e-hind-has-demanded-arrest-accused-in-murder-case-of-madrasa-student-ayan-saifi-in-trilokpuri/3209048 ; https://x.com/JournoMirror/status/2050574333135974633 ; https://www.facebook.com/watch/?v=1010998228253319
rb63b5411,2,2026-05-01,Online,Uttar Pradesh,Attacks on religious spaces,Muslim,"Virendra Gurjar reportedly made a provocative and threatening statement claiming that if he does not receive public support in the years 2027 and 2029, he would carry out an act of self-harm by tying a bomb to himself.

In the same statement, he also expressed intent to “uproot and throw out” Darul Uloom Deoband from Deoband, which raises serious concerns about incitement and communal targeting.",No confirmed official legal action has been reported as of now (subject to verification),Virendra Gurjar,janshakti party,Sent to the group,,,not mapped,https://www.facebook.com/share/v/1C59pkHXk3/
r3bf45965,3,2026-05-02,"Islampur (Tilak Chowk, near Ganpati Mandir)",Maharashtra,"Discrimination, exclusion & prejudice",Muslim,"Members associated with Shivpratishthan Hinduasthan reportedly climbed onto a signboard located on the road leading to a Ganpati Mandir at Tilak Chowk in Islampur.

They allegedly cut off the portion of the signboard displaying the name “Islampur” and threw it down. The act appears to be deliberate vandalism and symbolic targeting of the place name.",No confirmed official legal action has been reported as of now (subject to verification),Members Shivpratishthan Hinduasthan,Shivpratishthan Hinduasthan,Sent to the group,21.04,76.41,locality,https://x.com/TheMuslimMatter/status/2050972546179215570
r7a89bc25,4,2026-05-02,Naugawan area of Auraiya district,Uttar Pradesh,Act of hate,Muslim,"in Naugawan area of Auraiya district, a religious figure described as a staunch right-wing saint and leader of Shiv Shakti Akhara reportedly delivered a provocative speech.

During the address, he allegedly called upon members of the Hindu community to prepare their children for a “religious war.” He urged fathers to raise their sons in a militant manner, invoking religious symbolism, and criticized the community for prioritizing material wealth over religious commitment.",No confirmed official legal action has been reported as of now (subject to verification),Leader of Shiv Shakti Akhara,Shiv Shakti Akhara,Sent to the group,27.13,80.86,state-level,https://x.com/MuslimSpaces/status/2050592544992776608 ; https://www.facebook.com/watch/?v=4654738091477736
r86aa1c70,5,2026-05-02,"Khanpur Village,Delhi",Delhi,"Discrimination, exclusion & prejudice",Muslim,"In Khanpur Village, Delhi, an individual identified as Kapil, described as a Hindutva activist, reportedly arrived at a Muslim-owned non-vegetarian hotel and questioned the legality of its operations.

He allegedly demanded to see the hotel’s license and called for the closure of Muslim-owned hotels. The act appears to involve targeted intimidation and pressure against a business based on religious identity.",No confirmed official legal action has been reported as of now (subject to verification),Kapil,Not specified,Sent to the group,28.56,76.98,locality,https://x.com/TheMuslim786/status/2050619210372706493 ; https://www.facebook.com/watch/?v=1277744203984532
r9de85fb3,6,2026-05-05,"Rudrapur, Uttarakhand",Uttarakhand,"Discrimination, exclusion & prejudice",Muslim,"In Rudrapur, Uttarakhand, a Muslim man named Imran alleged that he was not being allowed to build a house in the area on account of his religion.

According to the complaint, Sachin Manjal—reportedly the husband of a BJP councilor—objected to the construction and stated that no Muslim would be permitted to build a house there.

Following the incident, Imran approached the local police station to file a complaint seeking action against the alleged discrimination.","Complaint reportedly filed by the victim
No confirmed official legal action has been reported as of now (subject to verification)","Sachin Manjal
Husband of a local BJP councilor (as reported)",BJP,Sent to the group,28.97,79.4,locality,https://x.com/TheMuslim786/status/2051174200241717288 ; https://www.facebook.com/watch/?v=1968244300721919
rc8482d50,7,2026-05-05,"Pandit Deendayal Upadhyay Nagar
Uttar Pradesh",Uttar Pradesh,Attacks on religious spaces,Muslim,"in Pandit Deendayal Upadhyay Nagar area of Chandauli district, Uttar Pradesh, local administration carried out a demolition drive as part of a road-widening initiative.

During the operation, the outer portion of Jama Masjid and several adjacent shops were demolished. Authorities reportedly justified the action by labeling these structures as “illegal constructions.”

The demolition has raised concerns among local residents regarding due process, proportionality, and the targeting of religious and commercial structures.","Administrative action carried out (demolition)
No further confirmed official legal proceedings reported (subject to verification)",Entity: Local administration / municipal authorities,Government authorities (state administration),Sent to the group,27.13,80.86,state-level,https://x.com/MuslimSpaces/status/2051339949648302312 ; facebook.com/reel/1288224702822782/
r7cf188b4,8,2026-05-06,"Pithampur, Dhar, Madhya Pradesh",Madhya Pradesh,Act of violence,Muslim,"In Pithampur area of Dhar district, Madhya Pradesh, a Muslim man was reportedly assaulted by individuals described as cow vigilantes. The assault was allegedly carried out on suspicion that he was transporting cattle for slaughter.

Following the incident, the victim was handed over to the police by the same group. The circumstances surrounding the assault and subsequent police action raise concerns about vigilantism and due process.","Victim reportedly handed over to police
No confirmed official legal action against the assailants has been reported as of now (subject to verification)",Not specified,,He didn’t respond,22.61,75.68,locality,https://x.com/RightsForMuslim/status/2051555486244204617 ; https://www.facebook.com/watch/?v=1285152966513468
r2099026a,9,2026-05-06,"Mau, Uttar Pradesh",Uttar Pradesh,"Discrimination, exclusion & prejudice",Muslim,"in Mau district of Uttar Pradesh, a protest rally was organized by Hindu Beti Bachao Sangharsh Samiti against what they termed “love jihad.”

During the rally, participants were heard chanting the slogan: “Become Durga, become Kali, but never become one who wears a burqa.” The slogan invokes Hindu religious figures such as Durga and Kali, while discouraging the adoption of Muslim attire, specifically the burqa.",No confirmed official legal action has been reported as of now (subject to verification),Members of Hindu Beti Bachao Sangharsh Samiti,Hindu Beti Bachao Sangharsh Samiti,Sent to the group,26.04,83.5,locality,https://x.com/MuslimSpaces/status/2051562058307776719 ; https://www.facebook.com/watch/?v=3638286806311295 ; https://www.instagram.com/reels/DX8sMoQNOFQ/
r38404652,10,2026-05-06,Mathura,Uttar Pradesh,Act of hate,Muslim,"In Mathura, Uttar Pradesh, a video reportedly surfaced in which an individual identified as Vinip Rana made provocative and inflammatory statements.

In the video,“Mullahs, the BJP has spread everywhere now. There is no way to escape. If you want to live in this country, chant ‘Jai Shri Ram,’ otherwise go to Pakistan.”",No confirmed official legal action has been reported as of now (subject to verification),Vinip Rana,Not specified,Sent to the group,27.5,77.69,locality,https://x.com/TheMuslim786/status/2051632931177910391 ; https://www.facebook.com/watch/?v=1417673903725982
rda24cc27,11,2026-05-06,"Asansol, West Bengal",West Bengal,Act of hate,Muslim,"in Asansol (Paschim Bardhaman district), a leader associated with Bengali Hindu Protection Forum reportedly delivered a speech during an election campaign.

During the address, he allegedly warned that Hindus could be forced to abandon their homes and become “refugees” if they did not unite before the elections. He made repeated references to “jihadis,” claiming that such groups would persecute Hindus, forcibly enter their homes, and harm their families.",No confirmed official legal action has been reported as of now (subject to verification),Leader of Bengali Hindu Protection Forum,Bengali Hindu Protection Forum,Sent to the group,23.69,86.97,locality,https://x.com/MuslimSpaces/status/2051632828870504822 ; https://www.facebook.com/watch/?v=1280734760938882
r9decfe69,12,2026-05-06,"Jor Pokhari,West Bengal",West Bengal,Attacks on religious spaces,Muslim,"In Jor Pokhari area of Darjeeling district, West Bengal, a mob described as Hindutva-affiliated reportedly carried out an attack on a mosque.

During the incident, Jama Masjid was allegedly vandalized. The act appears to have been planned and involved damage to religious property.

The incident reportedly came to light following election results in the state, which has contributed to concerns about possible communal tensions in the aftermath.",No confirmed official legal action has been reported as of now (subject to verification),"Not individually disclosed
Alleged mob (described as Hindutva-affiliated)",Not specified,Sent to the group,22.98,88.53,state-level,https://x.com/TheMuslim786/status/2051861735016104061 ; https://www.facebook.com/watch/?v=2209224103205667
r9b3788a6,13,2026-05-06,"Barrackpore, West Bengal",West Bengal,"Discrimination, exclusion & prejudice",Muslim,"In Barrackpore, West Bengal, the name of a public park previously known as “Siraj Udyan” was reportedly changed to “Shivaji Udyan.” The park was originally named after Siraj-ud-Daula, a significant historical figure in Bengal’s history.

The renaming was reported shortly after recent election results, which has led to concerns among some observers about the timing and possible motivations behind the change. Such actions are often viewed in the context of symbolic assertion and identity-related sensitivities.",No confirmed official legal action has been reported as of now (subject to verification),Individuals identified as BJP supporters,BJP,Sent to the group,22.76,88.38,locality,https://x.com/AshrafFem/status/2051722565064982650 ; https://hindi.news18.com/news/west-bengal/kolkata-siraj-udyan-renamed-shivaji-masjid-bari-road-name-bjp-workers-rename-changed-to-netaji-palli-road-in-barasat-after-bjp-win-bengal-assembly-election-2026-ws-l-10449552.html
rc779080e,14,2026-05-06,"Maharajganj village,Chhatarpur district",Madhya Pradesh,Act of violence,Dalit,"In Maharajganj village of Chhatarpur district, Madhya Pradesh, a Dalit family was reportedly subjected to a violent assault following a dispute over a demanded contribution for a village temple.

According to the victims, a group of local strongmen arrived at their residence and demanded a specific quantity of wheat in the name of a temple donation. The family expressed their inability to provide the full amount, stating that they had already contributed what they could afford.",No confirmed official legal action has been reported as of now (subject to verification),"Not individually disclosed
Alleged mob",Not specified,Sent to group,24.89,79.73,locality,https://www.ndtv.com/india-news/madhya-pradesh-dalit-family-beaten-with-sticks-over-temple-donation-refusal-11452538 ; https://x.com/ndtv/status/2051700446293832164
r9a7520d2,15,2026-05-06,"Kishangarh,Rajasthan",Rajasthan,Act of violence,Muslim,"in Kishangarh area of Ajmer district, Rajasthan, a Muslim man was reportedly attacked by individuals described as “cow protectors” associated with a cow protection group.

The attackers allegedly accused the man of transporting camels for slaughter. During the incident, he was reportedly assaulted and forced to dance in a humiliating manner in public. The act appears to combine physical violence with intentional humiliation.",No confirmed official legal action has been reported as of now (subject to verification),"Not individually disclosed
Alleged cow vigilantes / “cow protection” group members",Not specified,Details pending from local unit,26.59,74.86,locality,https://x.com/MuslimSpaces/status/2051883282451845580 ; https://www.facebook.com/watch/?v=896908330076903 ; https://www.instagram.com/reels/DYG4sYVzpFA/
rcff283f3,16,2026-05-06,Aligarh (near Delhi Gate area),Uttar Pradesh,Act of violence,Muslim,"A violent altercation occurred in Aligarh, Uttar Pradesh, leaving two individuals—Mohammed Azam and Mohammed Wajahat—seriously injured. Both are currently undergoing medical treatment.

According to the victims’ family, the incident began when an individual identified as Manish, along with his associates, allegedly made abusive and derogatory remarks targeting the Muslim community. When Wajahat objected to these remarks, he was reportedly assaulted. Azam intervened to protect him, after which a group of approximately 8–10 individuals allegedly attacked both victims using stones, punches, and kicks.

The family claims that Azam sustained injuries to his lips, neck, and head, and is in serious condition. They deny any prior personal dispute and assert that the violence was triggered solely by objection to communal slurs.","Case reportedly registered based on complaint
Investigation ongoing
Police state legal action will be taken against involved individuals","Primary accused (as per family): Manish and associates
Number involved: Approximately 8–10 individuals (as alleged)",Not specified,Details pending from local unit,27.88,78.14,locality,https://muslimmirror.com/two-muslim-youths-mohammed-azam-and-wajahat-injured-after-alleged-attack-by-manish/ ; https://x.com/JournoMirror/status/2051909639059779956
rc716ab4d,17,2026-05-07,"Ghaziabad, Uttar Pradesh",Uttar Pradesh,Act of hate,Christian,"In Ghaziabad, Uttar Pradesh, a group of individuals reportedly vandalised the gate of St. Teresa School following allegations that the school management had pressured a teacher to change her religious beliefs.

During the incident, slogans including “Jai Shri Ram” were reportedly written on the school gate. Witnesses also reported that members of the group raised provocative chants at the site.",No confirmed official legal action has been reported as of now (subject to verification),Members of Bajrang Dal and Hindu Raksha Dal(names are not specified),Bajrang Dal and Hindu Raksha Dal,Sent to the group,28.77,77.46,locality,https://x.com/TheObserverPost/status/2051719260926619770 ; https://catholicconnect.in/news/teacher-withdraws-false-conversion-allegations-against-up-catholic-school-police-find-no-evidence
ra4281c04,18,2026-05-07,"Bangaon, West Bengal",West Bengal,"Discrimination, exclusion & prejudice",Muslim,"In Bangaon, North 24 Parganas district of West Bengal, a Muslim-owned food outlet identified as “Afrin Biryani” was reportedly subjected to pressure by individuals described as saffron-clad and allegedly associated with BJP.

According to reports, the group approached the shop and demanded that it be relocated from its current location near a Hindu temple. They also reportedly suggested that the name of the establishment be changed, citing concerns related to its religious identity and proximity to the temple.",No confirmed official legal action has been reported as of now (subject to verification),"Not individually disclosed
Individuals described as saffron-clad; allegedly associated with BJP (as per reports)",BJP,Sent to the group,23.04,88.83,locality,https://x.com/TheObserverPost/status/2051896254586831230 ; https://www.altnews.in/day-1-of-regime-change-in-bengal-bulldozer-in-new-market-biriyani-shop-told-to-shift-muslim-names-erased/ ; https://www.facebook.com/watch/?v=4325913594327050
r5de151f3,19,2026-05-07,"Dinhata, West Bengal",West Bengal,"Discrimination, exclusion & prejudice",Muslim,"in Dinhata town of Cooch Behar district, West Bengal, a structure known as the “Taj Mahal selfie point” was reportedly vandalized and set ablaze by a group described as Hindu nationalist supporters.

During the incident, slogans such as “Apply oil of Dabur, erase the name of Babur” were reportedly raised, indicating a symbolic rejection of Mughal-associated heritage. The structure, located at the town’s entrance gate—designed with themes including the Hindu goddess Durga—had reportedly been created as a symbol of communal harmony.",No confirmed official legal action has been reported as of now (subject to verification),Not individually disclosed,Not specified,Sent to the group,26.12,89.47,locality,https://x.com/MuslimSpaces/status/2051941769080881465 ; https://www.facebook.com/watch/?v=1263538232429174
ref504ee5,20,2026-05-07,"Cooch Behar, West Bengal",West Bengal,Act of violence,Muslim,"in Cooch Behar district of West Bengal, incidents of vandalism were reported in the aftermath of the state assembly election results.

According to reports, a group described as Hindu nationalist supporters allegedly damaged a local market and several residential properties. Many of the affected homes were reported to belong to members of the Muslim community.",No confirmed official legal action has been reported as of now (subject to verification),Not individually disclosed,Not specified,Details pending from local unit,26.26,89.42,locality,https://x.com/MaktoobMedia/status/2051986324681531773 ; https://x.com/MuslimSpaces/status/2051991194901840105 ; https://www.facebook.com/watch/?v=855025296958295
re4ae0ef4,21,2026-05-07,"Haridwar, Uttarakhand",Uttarakhand,Act of violence,Muslim,"In Haridwar, Uttarakhand, two Muslim men were reportedly attacked by individuals described as cow vigilantes on suspicion of smuggling cattle for slaughter.

During the incident, the victims were allegedly assaulted and then paraded publicly. Witness accounts indicate that members of the group raised provocative slogans, including calls for violence against those accused of cow slaughter.",No confirmed official legal action has been reported as of now (subject to verification),"Not individually disclosed
Alleged cow vigilantes",Not specified,Details pending from local unit,29.94,78.15,locality,https://x.com/RightsForMuslim/status/2051926236989895067
r9af645b3,22,2026-05-07,Bokaro district,Jharkhand,Act of violence,Muslim,"In Bokaro district of Jharkhand, a young man identified as Arif Ansari was reportedly assaulted by individuals led by Harsh Pandey and his associates.

According to the victim’s family, Arif sustained serious injuries during the assault and was in a critical condition. They allege that when the police arrived at the scene, instead of ensuring immediate medical examination and treatment, he was taken into custody and placed in a lockup.","FIR registered (initial altercation on 1 May)
Harsh Pandey and Divyanshu Mishra arrested and sent to jail
Victim admitted to Bokaro Sadar Hospital for treatment
Departmental action taken: Three police personnel suspended","Primary accused (in assault on 4 May): Harsh Pandey and associates          Pushp Raj Kumar (Officer-in-Charge) – Suspended
Rajesh Kumar (Sub-Inspector) – Suspended
Sanjay Kumar Mandal (Assistant SI) – Suspended",Not specified,Details pending from local unit,23.7,85.99,locality,https://x.com/55MTQ_/status/2051995899363279039 ; https://timesofindia.indiatimes.com/city/ranchi/3-bokaro-cops-suspended-for-detaining-injured-man/articleshow/130867473.cms
r52b517fc,23,2026-05-07,"Talaguda village (Mukhiguda GP, Jaya Patna block)
Odisha",Odisha,Act of violence,Dalit,"In Talaguda village of Kalahandi district, Odisha, a Dalit youth was reportedly assaulted while skinning a dead cow for leather-related work.

According to reports, individuals identified as members of Bajrang Dal allegedly attacked the youth, leading to serious injuries. The activity the victim was engaged in is traditionally associated with leather work and handling of animal carcasses.

An FIR has reportedly been lodged in connection with the incident. However, as per available information, no significant action has been taken against the accused so far.",FIR reportedly registered,"Not individually disclosed
Alleged members of Bajrang Dal",Bajrang Dal,Sent to group,18.36,81.94,locality,https://x.com/AmiyaPandav/status/2051936377982632231 ; https://www.instagram.com/p/DYD-23XKk5Z/
rab74d713,24,2026-05-07,"Muslim Para, Dinhata Gosanimari, Cooch Behar, West Bengal",West Bengal,Act of violence,Muslim,"In the Muslim Para locality of Gosanimari (Dinhata area), Cooch Behar district, West Bengal, a 50-year-old man identified as Monnap Miya was reportedly killed.

According to the victim’s family, he was attacked by a group using sticks and sharp weapons, leading to his death. The family alleges that the attackers were associated with BJP and that religious slogans were raised during the assault.

They further claim that, following the incident, several Muslim homes in the locality were set on fire. These claims indicate a possible escalation involving both violence against an individual and damage to residential properties.","Not clearly specified
No confirmed official statement or arrests reported (subject to verification)",Not individually disclosed Group described by family as BJP workers,BJP,Details pending from local unit,26.25,88.19,locality,https://x.com/TheMuslim786/status/2052077499232952515 ; https://www.instagram.com/p/DYBxjetK-9B/
r4c0db1ab,25,2026-05-07,Dalkhola of Uttar Dinajpur district,West Bengal,Act of violence,Muslim,"in Dalkhola town of Uttar Dinajpur district, West Bengal, a popular Muslim-owned biryani stall was reportedly vandalized.

According to reports, the incident occurred shortly after the declaration of state assembly election results. Individuals described as Hindu nationalist supporters allegedly carried out the vandalism, damaging the stall and disrupting business activities.",No confirmed official legal action has been reported as of now (subject to verification),Not individually disclosed Group described by family as BJP workers,BJP,Sent to group,25.87,87.96,locality,https://x.com/ruls_asif/status/2052318878399861218 ; https://www.instagram.com/reels/DYAVGA6NbWN/
r9d1d8738,26,2026-05-07,"Wazirabad, Delhi",Delhi,Attacks on religious spaces,Muslim,"in Wazirabad area of Delhi, a Muslim cemetery was reportedly vandalized by an individual identified as Akash Pandit along with his associates.

According to reports, several graves were damaged, and cloth coverings placed over them were set on fire. The incident involved destruction of burial sites and desecration of graves, causing significant damage.

The accused is described as someone who claims association with a cow protection group. The act appears to have been deliberate and targeted at a religious burial site.",No confirmed official legal action has been reported as of now (subject to verification),Akash Pandit,Not specified,Sent to the group,28.73,77.22,locality,https://x.com/TheMuslimMatter/status/2052251144047493489 ; https://www.facebook.com/watch/?v=860296080427795
rdc34d13b,27,2026-05-07,"Domjur, Howrah, West Bengal",West Bengal,"Discrimination, exclusion & prejudice",Muslim,"at Azad Hind Fauj Smriti Mahavidyalaya, members of a student wing associated with a Hindu nationalist group reportedly declared that burqas would not be allowed on the college campus.

During the announcement, statements were made emphasizing that the institution is not a madrasa and asserting that wearing burqas would not be permitted. The declaration appears to have been made publicly and has raised concerns about restrictions on religious attire and expression within an educational institution.",No confirmed official legal action has been reported as of now (subject to verification),"Not individually disclosed
Student wing of a Hindu nationalist organization (as reported)",Not specified,Sent to the group,22.63,88.22,locality,https://x.com/MuslimSpaces/status/2052431271691997544 ; https://www.facebook.com/watch/?v=1612955903149755
r5ec204a3,28,2026-05-08,"Santoshpur Village, Nanur, West Bengal",West Bengal,Act of violence,Muslim,"In Santoshpur Village under Nanur area of West Bengal, a man identified as Abir Sheikh was reportedly killed following an attack by a group of individuals.

According to local villagers, the victim was standing near his residence when a group allegedly arrived and assaulted him using sticks, rods, and sharp-edged weapons. He reportedly sustained severe injuries and collapsed at the scene.

Another individual, Chandu Sheikh, who attempted to intervene, was also reportedly injured during the incident.",No confirmed official legal action has been reported as of now (subject to verification),"Not officially confirmed
Group described by locals as BJP workers (unverified)",BJP,Details pending from local unit,24.55,87.83,locality,https://x.com/TheMuslim786/status/2052606052169130264 ; https://timesofindia.indiatimes.com/city/kolkata/bjp-activist-lynched-in-howrah-tmc-worker-killed-in-birbhum/articleshow/130838643.cms ; https://theobserverpost.com/tmc-alleges-worker-abir-sheikh-killed-in-post-poll-violence-offices-vandalised-bjp-denies-role/
rc166ff76,29,2026-05-08,"Vejalpur, Ahmedabad",Gujarat,Police atrocity,Muslim,"In Vejalpur area of Ahmedabad, Gujarat, a Muslim man was reportedly subjected to physical assault by police personnel after being taken into custody on allegations related to cow slaughter.

According to reports and circulating footage, police officials were seen beating one of the accused with sticks. The incident reportedly involved three individuals who were arrested in connection with the alleged slaughter of cows.",No confirmed official legal action has been reported as of now (subject to verification),Police personnel,State police officials,Sent to the group,23.01,72.52,locality,https://x.com/TheMuslim786/status/2052404375109402704 ; https://www.instagram.com/reels/DYHTmbwtLir/
r2e3d91a3,30,2026-05-09,"Jharoda, Delhi",Delhi,"Discrimination, exclusion & prejudice",Muslim,"in the Jharoda area of Delhi, a Muslim-owned meat shop was reportedly forced to close by members of a group identified as Jai Gau Mata Seva Trust.

According to reports, members of the group approached the shop and demanded its closure, citing the presence of a nearby Kali temple as the reason. The action was allegedly carried out without any formal administrative order.",No confirmed official legal action has been reported as of now (subject to verification),Members of Jai Gau Mata Seva Trust,Jai Gau Mata Seva Trust,Sent to the group,28.74,77.2,locality,https://x.com/MuslimSpaces/status/2052616017118134603 ; https://www.facebook.com/photo.php?fbid=1268832082112590&set=a.519132863749186&type=3
racf3b070,31,2026-05-10,North 24 Pargana,West Bengal,"Discrimination, exclusion & prejudice",Muslim,"In North 24 Parganas district of West Bengal, a restaurant identified as “Hazi Ali” was reportedly vandalized shortly after the declaration of state assembly election results.

According to reports, individuals described as BJP supporters allegedly carried out the vandalism, causing damage to the establishment. The timing of the incident has led to concerns about possible post-election tensions and targeting of businesses.",No confirmed official legal action has been reported as of now (subject to verification),"Not individually disclosed
Alleged BJP supporters",BJP,Sent to the group,22.6,88.41,locality,https://x.com/WaqarHasan1231/status/2052311195412230307 ; https://www.instagram.com/reels/DYEws5fFNCK/
r967083a1,32,2026-05-10,"Jaipatna, Kalahandi district, Odisha",Odisha,Act of violence,Muslim,"in Jaipatna area of Kalahandi district, Odisha, a Dalit man was reportedly subjected to a violent assault by individuals described as “cow vigilantes.”

According to reports, the attackers accused the victim of involvement in cow slaughter and assaulted him severely. The incident reflects a pattern where allegations related to cattle are used to justify extra-legal action.",No confirmed official legal action has been reported as of now (subject to verification),Alleged cow vigilantes(Names are not specifed),Not specified,Sent to group,19.47,82.81,locality,https://x.com/MuslimSpaces/status/2052369024680386910
r22fadaa8,33,2026-05-10,"Dewas
Madhya Pradesh",Madhya Pradesh,"Discrimination, exclusion & prejudice",Muslim,"in Dewas, Madhya Pradesh, a Muslim bus conductor was reportedly confronted and assaulted by individuals described as members of a Hindu nationalist group.

According to reports, the group accused the conductor of asking for a Hindu woman’s phone number. Following this, he was allegedly beaten and then taken to a police station in a public procession. During the incident, slogans were reportedly raised by the group.",No confirmed official legal action has been reported as of now (subject to verification),Not individually disclosed,Not specified,Sent to the group,22.97,76.05,locality,https://x.com/MuslimSpaces/status/2052650213282807945 ; https://www.instagram.com/reels/DYH34Jlj9-w/
r01a0e5d6,34,2026-05-10,"Noida, Gautam Buddha Nagar",Uttar Pradesh,Act of hate,Muslim,"In Noida, Gautam Buddha Nagar district, Uttar Pradesh, members associated with Vishwa Hindu Parishad and Bajrang Dal reportedly organized a protest march and submitted a memorandum opposing what they described as “love jihad” and religious conversion.

During the demonstration, participants were heard raising slogans targeting “Islamic love jihad.” The event was conducted publicly and appears to have been framed as a protest action.",No confirmed official legal action has been reported as of now (subject to verification),Members of Vishwa Hindu Parishad and Bajrang Dal,Vishwa Hindu Parishad and Bajrang Dal,Sent to the group,28.57,77.33,locality,https://x.com/RightsForMuslim/status/2052629476559687872
rd2fb2f02,35,2026-05-10,Brahmapuri in East Delhi,Delhi,"Discrimination, exclusion & prejudice",Muslim,"In Brahmapuri area of East Delhi, Muslim residents have reportedly alleged that a local gas agency is denying them LPG cylinder services.

According to the claims, individuals from the community were refused supply without clear justification. The allegations suggest that the refusal may be based on the customers’ religious identity, though this has not been independently verified.",No confirmed official legal action has been reported as of now (subject to verification),Entity: Local gas agency (name not specified),Not specified,Sent to the group,28.61,77.21,state-level,https://x.com/TheMuslim786/status/2052657925500645673 ; https://www.facebook.com/siasatdaily/posts/muslims-in-east-delhis-brahmpuri-have-alleged-that-a-local-gas-agency-has-delibe/1428414102659684/
ra133a826,36,2026-05-11,"(Derwa area)Pratapgarh district, Uttar Pradesh",Uttar Pradesh,Act of violence,Muslim,"Maqsood Ali, an elderly resident of Derwa, was returning home around 4 PM after a walk. On the way, a man identified as Manoj stopped him.

The accused allegedly started abusing him without any reason, pulled his beard, removed his cap, and beat him with sticks and rods. The victim stated that the accused made communal remarks, including telling him to “go to Pakistan,” and threatened him with further harm.

The victim also alleged that the accused looted approximately ₹10,000, which was his daily earning. The assault stopped when another person arrived, allowing him to escape. He reached home in an injured condition.","Complaint filed with local police,FIR registered
Victim alleges no action has been taken so far",Manoj,Not specified,Info collected,27.13,80.86,locality,https://www.facebook.com/100002017472883/posts/26919893704327848/?rdid=9S42x79GXJD1e2Lv#
r5edfe300,37,2026-05-11,"Mathura, Uttar Pradesh",Uttar Pradesh,Act of hate,Muslim,"during a religious rally in Mathura, some individuals allegedly raised communal slogans and abused the Muslim community using derogatory language.

It is reported that videos of the incident were recorded by the participants and later circulated on social media platforms, potentially to spread hatred and provoke tensions.",No confirmed official legal action has been reported as of now (subject to verification),Not specified,Not specified,Sent to the group,27.5,77.69,locality,https://x.com/TheMuslim786/status/2052992976473973088
r492baf80,38,2026-05-11,Kushinagar district,Uttar Pradesh,Police atrocity,Muslim,"In a madrasa located in Kushinagar district, a fan had been installed which later stopped working. When a mechanic was called for repair, he noticed that the fan had “Made in Pakistan” written on it.

This information was reportedly brought to the attention of the police through a photograph. Following this, police detained the madrasa operator for questioning.

It was later stated that the fan had been purchased by a person residing in Dubai and donated to the madrasa. There is no indication that the madrasa operator was aware of the product’s origin at the time of installation.","No confirmed perpetrator
Madrasa operator detained for questioning (not established as accused)",Police personnel,,Sent to the group,26.92,83.83,locality,https://www.tv9hindi.com/state/uttar-pradesh/where-did-pakistani-fan-in-up-kushinagar-madrasa-come-from-sparks-uproar-security-agencies-investigation-3781284.html ; https://www.bhaskar.com/local/uttar-pradesh/kushinagar/news/kushinagar-madarsa-pakistan-fan-probe-photo-137902180.html ; https://x.com/news24tvchannel/status/2054107457711226956
rf2e0d9e4,39,2026-05-12,"Khatima, Udham Singh Nagar,",Uttarakhand,"Discrimination, exclusion & prejudice",Muslim,"in Khatima (Udham Singh Nagar), a group identified as Hindu nationalist supporters held a protest against a Muslim man who had opened a shop in the area.

During the protest, participants allegedly raised slogans such as “Close it down, close down this (Muslim’s) shop,” opposing the presence of a Muslim-owned business near a temple.

The protesters claimed they would not tolerate a Muslim shop in that location. They also made allegations against the shop owner, stating that they feared he might spit near the temple and engage in unhygienic activities near a nearby school.",No clear information available regarding police action or complaint,Hindu nationalist supporters (specific individuals not identified),Not specified,Sent to the group,28.92,79.97,locality,https://x.com/MuslimSpaces/status/2053437561155223854
r3864d545,40,2026-05-12,"Singhana village, Jind district, Haryana",Haryana,"Discrimination, exclusion & prejudice",Muslim,"In Singhana village of Jind district, members of the Hindu community submitted a memorandum to the local administration opposing the construction of a boundary wall around a Muslim graveyard.

They warned the Tehsildar that they would not allow the boundary wall to be completed. The residents argued that since the graveyard is now within a populated area, the Muslim community should be allotted land elsewhere for a new graveyard.

They also proposed that the existing graveyard land should instead be used for panchayat-related purposes.

Following this, some individuals allegedly placed saffron flags on the graveyard land and attempted to lay the foundation for a temple at the site.",No confirmed official legal action has been reported as of now (subject to verification),Local residents (identified as members of the Hindu community),Not specified,Sent to the group,28.32,76.79,locality,https://x.com/TheMuslimMatter/status/2053506329373708455
r8d0f8a75,41,2026-05-12,"Vrindavan, Mathura district",Uttar Pradesh,Act of hate,Muslim,"In Vrindavan, a man identified as Rishabh Singh was reportedly seen standing in front of a mosque while waving a saffron flag.

During the act, he allegedly sang a song with provocative and offensive wording targeting the Muslim community, including the phrase “Allah’s soul was shaking.”

Such actions are being viewed as an attempt to provoke religious sentiments and disturb communal harmony in the area.",No confirmed official legal action has been reported as of now (subject to verification),Rishabh Singh,Not specified,Sent to the group,27.58,77.69,locality,https://x.com/faizulhaque95/status/2053682231768744244
re8e7f856,42,2026-05-12,Moradabad,Uttar Pradesh,Attacks on religious spaces,Muslim,"On 9 May 2026, a team from the Moradabad Development Authority (MDA), accompanied by heavy police deployment, carried out a demolition drive against Jamia Arabia Hayatul Uloom Madrasa located near the National Highway in Moradabad. Bulldozers were used to demolish the madrasa structure.","Authorities claim demolition was conducted following a High Court ruling in favor of MDA
Land dispute reportedly pending since the 1980s",Moradabad Development Authority,Government authority / Administrative body,Sent to the group,28.88,78.81,locality,https://www.aajtak.in/uttar-pradesh/story/moradabad-bulldozer-demolishes-madrasa-built-on-mda-land-lcln-strc-2547896-2026-05-09 ; https://x.com/JournoMirror/status/2053437409191420388
r3695ff4b,43,2026-05-12,Bijnor district (Dhampur area),Uttar Pradesh,Act of hate,Muslim,"n Bijnor district, following unrest in the Dhampur area, a person identified as Aditya Chauhan allegedly made inflammatory and provocative statements targeting the Muslim community.

In a video that has reportedly gone viral, he is heard making violent remarks, including saying that instead of shooting in the leg (as in police encounters), people should be shot in the head. He allegedly incited the gathered crowd and threatened that houses of the accused would be demolished within two hours.",No confirmed official legal action has been reported as of now (subject to verification),Aditya Chauhan,Not specified,Sent to the group,29.41,78.48,locality,https://www.facebook.com/reel/3756289571179009
r29bb2504,44,2026-05-12,Sambhal,Uttar Pradesh,State-sponsored discriminatory practice,Muslim,"In Sambhal district, a video from a government school went viral on social media showing students reciting a prayer that included the line लब पे आती है दुआ…”.

Following the circulation of the video, the matter gained political and administrative attention, with objections raised over the nature of the prayer being conducted in a government institution.

In response, the local administration took immediate action and suspended the school principal along with two teachers associated with the incident.","Administrative action taken: Principal and two teachers suspended
No confirmed information on further legal proceedings",Sambhal administration,Government authority / Administrative body,Sent to the group,28.43,78.56,locality,https://www.facebook.com/100065239689932/posts/1358984976286146/?rdid=yEiTGQ7i1mntcX0i# ; https://zeenews.india.com/hindi/zeesalaam/muslim-news/sambhal-govt-school-urdu-morning-prayer-video-dm-suspend-muslim-principal-teachers-islam-promotion-alleged/3212145
re2b84709,45,2026-05-12,"Sangamner, Maharashtra",Maharashtra,Act of hate,Muslim,"In Sangamner, during an event described as a “Virat Hindu Sammelan,” Dhananjay Desai, identified as the President of Hindu Rashtra Sena, allegedly delivered a speech targeting the Muslim community.

In his address, he reportedly used derogatory terms such as calling Muslims “thieves” and referring to them as “descendants of Turks and Arabs.” He further claimed that Muslims aim to turn India into an Islamic country and alleged a broader conspiracy to “Islamise” India.",No confirmed official legal action has been reported as of now (subject to verification),Dhananjay Desai,Hindu Rashtra Sena,Sent to the group,19.49,74.25,locality,https://x.com/DimahKousar/status/2053732271509602498
r692d192d,46,2026-05-12,"Koparkhairne, Navi Mumbai",Maharashtra,Act of hate,Muslim,"in Koparkhairne (Navi Mumbai), a “grand Hindu conference” was organized where Hindu nationalist organizers allegedly made inflammatory statements targeting the Muslim community.

During the event, a speaker reportedly said, “Become Durga, become Kali, but never become a burkha-wearing woman,” which was perceived as derogatory towards Muslim women.

Additionally, a staged play was performed promoting the “love jihad” conspiracy narrative. In the play, Muslim youths were depicted in a violent and negative manner, including scenes where Hindu girls were shown being forced into suitcases.",No confirmed official legal action has been reported as of now (subject to verification),Hindu nationalist organizers (specific individuals not identified),Not specified,Sent to the group,19.1,73.01,locality,https://x.com/MuslimSpaces/status/2053728440092950941
r3c2b3a71,47,2026-05-12,"Shahjahanpur, Uttar Pradesh",Uttar Pradesh,Act of violence,Muslim,"in Shahjahanpur, a leader of an organization identified as “Hindu Yuva Sangathan,” along with his associates, allegedly confronted two Muslim youths in a public park.

The youths were accused of being involved in “love jihad” simply for sitting with a Hindu female friend. The group reportedly harassed and humiliated them in public.

During the incident, the accused individuals allegedly forced the Muslim youths to apologize publicly. They were also made to repeat statements such as, “From today, you will consider all Hindu sisters as your own sisters,” implying restrictions on their interaction with women from another community.",No confirmed official legal action has been reported as of now (subject to verification),Members of “Hindu Yuva Sangathan”,Hindu Yuva Sangathan,Sent to the group,27.91,79.75,locality,https://x.com/MuslimSpaces/status/2054072459192852895
ra3863974,48,2026-05-12,"Gautam Nagar,Bhopal, Madhya Pradesh",Madhya Pradesh,Act of violence,Muslim,"A case has come to light in Bhopal where a Muslim youth was beaten by a mob and publicly humiliated. In a video that went viral on social media, the youth can be seen being thrashed on the street, his clothes being stripped off, and objectionable remarks such as ""Call out to Allah, your Allah is asleep"" can be heard being made. During the incident, police personnel were also visibly present at the scene. According to reports, the youth was at a hotel with his Hindu female friend when workers from a right-wing organization arrived there and dragged both of them outside. Later, during police questioning, it was revealed that both are adults and have been in a relationship for the past five years. Protests have erupted in Bhopal over the incident, and members of the Muslim community have demanded strict action against the accused.","An FIR was registered against unknown persons after a complaint by the Association for Protection of Civil Rights.
Police later identified five accused: Rohit Singh, Brijendra Prajapati, Jitu Kushwaha, Ranjit Suryavanshi, and Lala Ram Meena.
Two accused have been arrested, while one is reportedly a juvenile and will be presented before the Child Welfare Committee.","Rohit Singh, Brijendra Prajapati, Jitu Kushwaha, Ranjit Suryavanshi, Lala Ram Meena",Bajrang Dal,info collected,23.24,77.44,locality,https://x.com/TheMuslim786/status/2053802894605135987 ; https://theprint.in/india/2-held-for-beating-muslim-man-over-love-jihad-allegations-during-bajrang-dal-protest-in-bhopal/2930715/ ; https://x.com/TheOPHindi/status/2054593501732696480
re57311c5,49,2026-05-12,"Dahra village, Hapur district",Uttar Pradesh,Act of violence,Muslim,"In Dahra village of Hapur district, during the occasion of Maharana Pratap Jayanti, a group described as dozens of individuals allegedly entered the house of a Muslim family.

The group reportedly vandalized the property, damaging the house and vehicles. Family members were allegedly assaulted, with reports of brutal beatings.

Women in the household were said to be screaming and seeking help during the attack, but the group allegedly continued the violence under the cover of the ongoing celebrations.",No confirmed information regarding FIR or police action,Unidentified individuals (described as a large group),Not specified,info collected,28.72,77.89,locality,https://x.com/ZakirAliTyagi/status/2053408024933666946 ; https://x.com/KarishmaAziz_/status/2053460485090279644 ; https://www.amarujala.com/photo-gallery/uttar-pradesh/hapur/stone-pelting-and-unrest-during-maharana-pratap-jayanti-procession-in-hapur-2026-05-09
ra1b4a21b,50,2026-05-12,Ghaziabad,Uttar Pradesh,Act of violence,Muslim,"In Ghaziabad, a Muslim man identified as Mohammad Mujammil Khan, who was reportedly selling pizza, was allegedly accused by members of a group of spitting in food.

Following this allegation, individuals linked to a group called “Hindu Raksha Dal” reportedly assaulted him. The incident was accompanied by inflammatory and derogatory statements made by Pinky Chaudhry, associated with the group.

In his statement, he used communal language, referred to Muslims as “jihadis,” and claimed that the group had “caught” the accused and “given him treatment,” implying justification of the assault.",No confirmed information regarding FIR or police action,Unidentified individuals (described as a large group),Hindu raksha dal,Sent to the group,28.77,77.46,locality,https://x.com/BHUPENDER_HRD/status/2053801219395846248
r5ef6cfea,51,2026-05-12,"Kashipur-Belgachia Assembly Constituency, West Bengal",West Bengal,"Discrimination, exclusion & prejudice",Muslim,"A statement attributed to Ritesh Tiwari, reportedly an elected MLA from the Kashipur-Belgachia constituency, has surfaced in which he allegedly said that he would not do any work for Muslims and would not issue them certificates.

The statement has raised serious concerns regarding the role of elected representatives and their duty to serve all citizens equally, regardless of religion.",No confirmed official legal action has been reported as of now (subject to verification),"Ritesh Tiwari
Position: MLA",Bharatiya Janata Party (BJP),Sent to the group,22.98,88.53,state-level,https://www.facebook.com/100004053301361/posts/4077250165753387/?rdid=l6SKZrhS8Ik7Dglq# ; https://x.com/Nher_who/status/2054164507522662554
r48dcba82,52,2026-05-12,"Shahjahanpur, Uttar Pradesh",Uttar Pradesh,Act of violence,Muslim,"In Shahjahanpur, a person identified as Rajesh Awasthi, described as a leader of the Hindu Yuva Sangathan, along with his associates, allegedly confronted two Muslim youths in a public park.

The youths were accused of being involved in “love jihad” for sitting with a Hindu female friend. The group reportedly harassed and humiliated them in public, questioning their presence and relationship.",No confirmed official legal action has been reported as of now (subject to verification),Rajesh Awasthi and his associates,Hindu Yuva Sangathan,,27.91,79.75,locality,https://x.com/MairaP_SpeakS/status/2054151451467710773
r9554f4a9,53,2026-05-13,"Fatehpur Sikri, Uttar Pradesh",Uttar Pradesh,"Discrimination, exclusion & prejudice",Muslim,"In Fatehpur Sikri, a person described as a Hindutva supporter and content creator, along with his associates, allegedly threatened a Muslim street vendor who was selling chicken biryani.

The group reportedly pressured the vendor to keep his shop closed on Tuesdays and Saturdays, citing religious reasons. The incident was allegedly recorded, and a video of the confrontation has gone viral on social media.",No confirmed official legal action has been reported as of now (subject to verification),Not clearly specified (Hindutva supporter/content creator),Not specified,Sent to the group,27.09,77.66,locality,https://www.facebook.com/watch/?v=805662352381449 ; https://www.instagram.com/reels/DYPSYvUzuw-/
reb613d36,54,2026-05-13,Palwal district,Haryana,Act of violence,Muslim,"In Palwal district of Haryana, a group identifying itself as “Team Sonu Hindu Palwal,” reportedly associated with cow protection activities, allegedly kidnapped two men in their vehicle.

The victims were accused by the group of being involved in cow smuggling. Following this, the group allegedly assaulted them physically.

Reports further state that the victims were forced to drink cow urine during the incident. The act is being viewed as degrading and violent treatment.","Complaint filed 
 no action has been taken so far",Team Sonu Hindu Palwal,Not specified,info collected,28.06,77.32,locality,https://www.facebook.com/reel/1638287504120723 ; https://x.com/salaamtvnews/status/2054256707908579375
r39d18660,55,2026-05-13,"Dhar, Madhya Pradesh",Madhya Pradesh,Attacks on religious spaces,Muslim,"In an ongoing legal dispute over the Bhojshala site in Dhar, the Madhya Pradesh government made submissions before the Indore Bench of the High Court.

The state argued that the disputed site “was never a mosque” and that the Muslim community does not have the right to offer namaz at the location. It further stated that earlier permission for namaz was given only to “defuse communal tensions,” not as recognition of any legal right.",,Madhya Pradesh State Government,Bharatiya Janata Party (BJP),Sent to the group,22.58,75.23,locality,https://indianexpress.com/article/explained/explained-law/mp-high-court-bhojshala-temple-verdict-explained-10692190/
r9414d79c,56,2026-05-13,"Katwa, East Bardhaman district, West Bengal",West Bengal,Act of violence,Muslim,"In Katwa, East Bardhaman district, four Muslim men were reportedly crossing the Bhagirathi River with cattle when they were stopped by individuals identified as BJP workers.

The group allegedly demanded documents related to the cattle and, following this, a mob gathered and reportedly assaulted the men.

Later, police and central forces intervened and took the four men to Katwa Police Station.

The men stated that they were transporting the cattle for farming purposes. However, the police have initiated an investigation to verify whether the transportation was lawful or related to alleged cattle smuggling.","Police have taken the victims to the police station
Investigation ongoing regarding cattle transport legality
No confirmed information about arrests for the alleged assault",BJP workers and mob,Bharatiya Janata Party (BJP),,23.64,88.13,locality,https://x.com/meerfaisal001/status/2054259070732038362
rebecdbb9,57,2026-05-13,"Takshashila Colony, Shiv Shakti Vihar, near Garh Road Medical College, Meerut",Uttar Pradesh,Act of violence,Muslim,"In Meerut, near Garh Road Medical College, two Muslim youths were reportedly involved in a road accident in which a girl was hit by their car.

Following the incident, local residents gathered and allegedly began assaulting the youths. The situation escalated further when the identity of the accused as Muslims became known, after which communal abuse and remarks were reportedly made.

Members of a group identified as Hindu Raksha Dal allegedly continued the assault despite police presence. Reports suggest that the mob raised slogans against the police administration and created a hostile environment.

The vehicles of the accused were also vandalized. There are allegations that abusive language was used not only against the victims but also toward their family members during the incident.","No confirmed information regarding FIR or arrests
Police were reportedly present but situation escalated
Investigation status unclear","Local mob, including alleged members of Hindu Raksha Dal",Hindu Raksha Dal,,29.0,77.77,locality,https://www.facebook.com/reel/2024534941748228
r5ecdba93,58,2026-05-14,Dehradun,Uttarakhand,"Discrimination, exclusion & prejudice",Muslim,"in Dehradun, members of a group described as Hindu nationalist allegedly confronted a Hindu family for renting out their house to a Muslim tenant.

The group reportedly questioned the family, asking, “How could you rent out your house to a Muslim? Are you a Hindu or a Muslim?” They also accused the tenant of being a “Bangladeshi,” without publicly verified evidence.

In response, the Hindu family stood their ground and asserted their right to rent their property to anyone of their choice, regardless of religion.",No confirmed official legal action has been reported as of now (subject to verification),Aman swadia and his associates,Bajrang dal,Sent to the group,30.33,78.04,locality,https://x.com/MuslimSpaces/status/2054632234020413917 ; https://www.facebook.com/reel/1000414349111065
r3746e216,59,2026-05-15,"Pathardi, Ahmednagar district, Maharashtra",Maharashtra,Act of hate,Muslim,"In Pathardi (Ahmednagar district), a person identified as Sanjay Markad, reportedly the Sarpanch and described as a Hindutva leader, allegedly made a public announcement offering a cash reward of ₹1,01,111.

The reward was said to be for Hindu men who bring a Muslim woman, marry her under Hindu customs, and have children with her. The statement appears to promote religious conversion within interfaith relationships.

Such remarks have raised concerns about targeting of a specific community, encouragement of conversion narratives, and potential impact on communal harmony.",No confirmed official legal action has been reported as of now (subject to verification),"Sanjay Markad
Position: Sarpanch (Pathardi)",Not specified,Sent to the group,19.17,75.17,locality,https://x.com/TheMuslim786/status/2054543898303930603
r7206be19,60,2026-05-15,"Khatima, Udham Singh Nagar",Uttarakhand,"Discrimination, exclusion & prejudice",Muslim,"In Khatima (Udham Singh Nagar), women residents staged a dharna protesting the opening of a Muslim-owned shop located opposite a temple.

During the protest, slogans such as “Band karo, band karo, yeh dukaan band karo” were raised, demanding the immediate closure of the shop.

Some residents alleged that the shop owner and others from the community create unhygienic conditions by littering the area with leftover food and garbage, and claimed that such behavior disrespects the temple environment.

Others expressed fear, stating that the presence of Muslims in the area has caused tension and even led to people leaving the colony. Concerns were also raised about possible disturbance to a nearby Saraswati Mata school.",No confirmed official legal action has been reported as of now (subject to verification),Local residents (primarily women protesters),Not specified,Sent to the group,28.92,79.97,locality,https://www.siasat.com/they-spit-defecate-near-temple-uttarakhand-women-protest-against-muslim-shop-3469223/ ; https://x.com/JournoMirror/status/2054582412353667352
r2fe1e690,61,2026-05-15,"Bhalubasa / Mango Chepa Bridge area, Jamshedpur, Jharkhand",Jharkhand,Act of violence,Muslim,"In Jamshedpur, Mohammad Mumtaz was allegedly attacked by a group of people on the night of May 10 in the Bhalubasa area. He was reportedly assaulted with sharp weapons and heavy objects, suffering serious head injuries.

He was initially admitted to Tata Main Hospital (TMH) and later referred to RIMS Hospital in Ranchi due to his critical condition. He subsequently died during treatment.","FIR registered at Sitaramdera Police Station
2 accused (Rohit Mukhi, Raju Mukhi) arrested
Police conducting raids to arrest remaining Accused
Investigation ongoing","Rohit Mukhi, Raju Mukhi (arrested)
Other Accused: At least one more (absconding)",Not specified,Sent to the group,22.8,86.2,locality,https://www.jagran.com/jharkhand/jamshedpur-jamshedpur-mango-youth-dies-after-attack-protests-follow-40240582.html ; http://x.com/AshrafFem/status/2054784107234881910
r1d7f1459,62,2026-05-15,Chhatrapati Sambhajinagar (Aurangabad),Maharashtra,State-sponsored discriminatory practice,Muslim,"In the Naregaon area of Chhatrapati Sambhajinagar, the municipal corporation conducted an anti-encroachment drive early in the morning with significant police deployment.

The operation reportedly targeted structures linked to AIMIM corporator Mateen Patel. Authorities stated that the action was taken against alleged illegal constructions and was carried out under strict supervision to avoid any disturbance.

Reports also indicate that the corporator has come under scrutiny in connection with allegations related to a case involving an individual named Nida Khan (referred to as the TCS case).","Anti-encroachment drive conducted
Linked scrutiny in an ongoing case (details not fully confirmed)",Municipal Corporation officials,Government authority,Sent to the group,19.86,75.34,locality,https://x.com/TheObserverPost/status/2054507851692052899
re17b38a4,63,2026-05-15,"Kangpokpi district, Manipur",Manipur,Act of violence,Christian,"In Kangpokpi district of Manipur, unidentified armed men ambushed two vehicles carrying members of the Thadou Baptist Association (TBA).

The victims were returning from Churachandpur district after attending a conference when they were attacked midway.

Three church leaders were killed in the attack:

V Sitlhou (former general secretary of Manipur Baptist Convention)
V Kaigoulun
Paogoulen (pastor)

At least five others were injured, including church members and drivers. They are currently undergoing treatment.",Investigation underway,Unidentified armed men,Not specified,,25.0,93.9,locality,https://x.com/ndtv/status/2054486753051041912 ; https://x.com/AJEnglish/status/2054622707522670822
r1f564355,64,2026-05-15,"Faridabad, Haryana",Haryana,"Discrimination, exclusion & prejudice",Muslim,"In Faridabad, a Muslim shopkeeper selling chicken was reportedly threatened by a person identified as Laxman Soni, described as a Hindutva activist.

The accused allegedly pressured the shopkeeper to close his business, raising concerns about interference in livelihood and possible communal targeting.",No confirmed official legal action has been reported as of now (subject to verification),Laxman Soni,Not specified,Sent to the group,28.4,77.31,locality,https://x.com/TheMuslim786/status/2055117585528840345
r98eeb6d7,65,2026-05-15,"Unnao, Uttar Pradesh",,"Discrimination, exclusion & prejudice",Muslim,"In Unnao, a 40-year-old government school teacher, Nazia Sultana, reportedly consumed poison after facing continuous harassment for around 8 months.

Before taking this step, she recorded a video message accusing Shiksha Mitra Pushkar Vajpayee of making her life unbearable. In the video, she stated that the act was not suicide but a result of sustained harassment.

She is currently admitted to a hospital and is said to be in critical condition.","Uttar Pradesh Police said that an FIR has been registered at Achalganj police station under relevant sections, and efforts are underway to arrest the accused and complete legal proceedings.",Pushkar Vajpayee,,Sent to the group,,,not mapped,https://x.com/VoxShadabKhan/status/2055154183435632837 ; https://x.com/i/status/2055154223906799872
re0f1009b,66,2026-05-15,"Lakri Nabiganj, Siwan district, Bihar",Bihar,Act of violence,Muslim,"In Lakri Nabiganj (Siwan district), three Muslim youths were reportedly stopped by individuals associated with a cow protection group.

They were accused of transporting beef, after which the group allegedly assaulted them, abused them, and attempted to carry out mob lynching.

The incident reflects ongoing concerns regarding vigilantism and violence based on suspicion related to cattle or beef.",No confirmed official legal action has been reported as of now (subject to verification),Individuals linked to a cow protection group,Not specified,Pending,26.23,84.68,locality,https://x.com/Millat_Times/status/2055184444487811575
rd8526f64,67,2026-05-16,"Dhar district, Madhya Pradesh",Madhya Pradesh,Attacks on religious spaces,Muslim,"The Indore bench of the Madhya Pradesh High Court delivered its verdict on the Bhojshala–Kamal Maula Mosque dispute, recognizing Bhojshala as a Vagdevi temple and granting Hindus the right to worship. The court rejected the provision allowing Muslims to offer namaz and based its decision on ASI reports and historical evidence. The Muslim side has announced it will challenge the verdict in the Supreme Court.","Verdict delivered by the High Court
Worship rights granted to Hindu पक्ष
Muslim पक्ष to challenge decision in Supreme Court
Matter likely to continue under judicial review",Judicial verdict; no direct perpetrator,Not specified,,22.58,75.23,locality,https://hindi.news18.com/news/madhya-pradesh/indore-bhojshala-mandir-dhar-case-verdict-live-news-indore-high-court-kamal-maula-masjid-madhya-pradesh-livenews-local18-ws-l-10479017.html ; https://www.livehindustan.com/madhya-pradesh/bhojshala-kamal-maula-mosque-madhya-pradesh-indore-high-court-decision-201778829029431.html
r90fea83f,68,2026-05-17,"Rajpur Road,Dehradun, Uttarakhand",Uttarakhand,"Discrimination, exclusion & prejudice",Muslim,"Members of Bajrang Dal, reportedly led by Uttarakhand state convenor Vikas Verma, entered a footwear showroom in Dehradun following allegations of harassment of Hindu employees. Viral videos showed members allegedly creating a ruckus inside the showroom and writing “jihadi” on the name tags of Muslim staff members, leading to public controversy and political reactions.","No formal complaint regarding the showroom allegations was initially reported by police.
Dehradun Police later registered an FIR regarding an unauthorized Bajrang Dal protest and traffic blockade connected to the controversy.",Vikas Verma and his associates,Bajrang dal,,30.33,78.05,locality,https://timesofindia.indiatimes.com/city/dehradun/bajrang-dal-men-barge-into-doon-showroom-write-jihadi-on-name-tags-of-managers/articleshow/131144285.cms ; https://www.facebook.com/reel/1327736359227366 ; youtube.com/watch?v=UfMxofpQ_zE&si=Z0adiyo43LveYxtD
rbecbdc02,69,2026-05-17,Online,Online,"Discrimination, exclusion & prejudice",Muslim,"A viral video circulating on social media allegedly shows a Muslim police personnel offering namaz during duty hours while a senior official or another officer verbally abuses him using communal and derogatory remarks. The accused individual is allegedly heard making anti-Muslim statements, including references to Pakistan and Bangladesh and accusing the officer of “defiling” the land.",No confirmed official legal action has been reported as of now (subject to verification),Unidentified officer,Not specified,,,,not mapped,https://www.facebook.com/reel/988770450207325
rc5336d93,70,2026-05-17,"Patpadganj,Delhi",Delhi,"Discrimination, exclusion & prejudice",Muslim,"A video circulating on social media shows Ravindra Negi questioning a Muslim fish shop owner during a market inspection in Delhi's Patpadganj. The MLA asked for the shop’s license, objected to the open sale of fish, and reportedly instructed officials to issue notices and cancel the license after repeated violations. The incident triggered allegations of selective targeting and discriminatory conduct on social media.",No confirmed official legal action has been reported as of now (subject to verification),Ravindra Negi,Bharatiya Janata Party,,28.61,77.21,state-level,https://x.com/AshrafFem/status/2055641238871970019 ; https://l1nk.dev/1quwacw
r5a764f52,71,2026-05-17,"Nashik, Maharashtra",Maharashtra,Act of violence,Muslim,"A viral video from Nashik, Maharashtra, allegedly shows cow vigilantes damaging a mini bus on suspicion of cattle transportation. The video was reportedly posted by Bhushan Patil, who identified himself as a gau rakshak associated with Pranin Foundation.",No confirmed official legal action has been reported as of now (subject to verification),Unidentified individuals,Not specified,Info collected,20.01,73.79,locality,https://x.com/WaqarHasan1231/status/2055972411162739074 ; https://www.facebook.com/watch/?v=928156083531687
r5c06e7f3,72,2026-05-17,"Panipat, Haryana",Haryana,Attacks on religious spaces,Muslim,"Members of Hindu Army allegedly demolished a shrine in Panipat, claiming it was an illegal encroachment on government land and stating that authorities had been informed prior to the action.",No confirmed official legal action has been reported as of now (subject to verification),Members associated with Hindu Army,Hindu Army,,29.39,76.98,locality,https://x.com/MuslimSpaces/status/2056025376913272914 ; https://www.facebook.com/watch/?v=1499574208576347
r057de6b0,73,2026-05-17,"Hajo, Kamrup district, Assam",Assam,Act of violence,Muslim,"Members of Hindu Jagran Manch allegedly issued warnings to Muslim residents in Hajo, Assam, to vacate the area over claims of illegal encroachment.
On 10 May 2026, the group reportedly carried out attacks on several Muslim homes and shops.
Properties were vandalized, and some structures were set on fire during the incident.
The violence occurred along the route leading to Powa Makka.
Powa Makka is a historic site known for communal harmony and is visited by both Hindus and Muslims.
The incident has raised concerns about communal targeting and vigilante action.
The full extent of damage, injuries, and official response remains unclear and requires verification.",No confirmed official legal action has been reported as of now (subject to verification),Members associated with Hindu Jagran Manch,Hindu Jagran Manch,,26.24,91.54,locality,https://x.com/MuslimSpaces/status/2055896632298975369 ; https://www.facebook.com/watch/?v=1648097856245370
rdaccea83,74,,Online,Uttar Pradesh,Act of hate,Muslim,"Yogi Adityanath stated that offering namaz on public roads cannot be tolerated, emphasizing that religious activities should not disrupt public order.
He remarked that such matters should be accepted “with love,” but warned that stricter action would be taken otherwise.
The statement was made in the context of regulating use of public spaces and maintaining law and order.",No confirmed official legal action has been reported as of now (subject to verification),Yogi Adityanath,Bhartiya janta party,,,,not mapped,https://www.facebook.com/100064842846554/posts/1502698721901542/?rdid=BmM0wDNSCDFK3VT1# ; https://www.thehindu.com/news/national/uttar-pradesh/offer-prayers-in-shifts-adityanath-warns-against-namaz-on-roads-tells-muslims-to-control-population-numbers/article70996602.ece
r5a0b118f,75,,"Betma, Indore district",Madhya Pradesh,Act of hate,Muslim,"Following the verdict of the Madhya Pradesh High Court on the Bhojshala–Kamal Maula dispute, Hindu nationalist supporters gathered in Betma, Indore, to celebrate the decision.
During the gathering, slogans such as“भोजशाला तो बस एक झांकी है, काशी और मथुरा अभी बाकी हैं!”
were reportedly raised.
The celebration took place near the Kamal Maula Mosque premises, which the court recognized as a temple site in its ruling.
The incident reflects heightened communal sentiment following the court’s decision.",No confirmed official legal action has been reported as of now (subject to verification),Unidentified individuals,Not specified,,22.69,75.61,locality,https://x.com/MuslimSpaces/status/2056215067570721214 ; https://www.facebook.com/watch/?v=1506079297535860
r27075e4d,76,,"Begusarai, Bihar",Bihar,Media manipulation & distortion of facts,Muslim,"A young man was reportedly caught by locals in Begusarai while making a reel in front of a temple wearing a burqa.
Locals questioned him after noticing the attire and filming activity near the religious site.
In the video, this person allegedly stated that he was Hindu andit shows that the act was done to defame Muslims and manipulate media narratives.",No confirmed official legal action has been reported as of now (subject to verification),Unidentified individuals,Not specified,,25.51,86.09,locality,https://x.com/AshrafFem/status/2055947387865276893
r0e191221,77,,Uttarakhand,Uttarakhand,Act of hate,Muslim,"A statement by Pushkar Singh Dhami referring to “Mullavadi mentality” has raised concerns among Muslims about stigmatization and targeting of their identity.
Many from the community perceive such remarks as indirectly associating Muslims with extremism.
The statement has contributed to feelings of alienation and insecurity among sections of Muslims.
Critics argue that such language can deepen communal divisions and reinforce negative stereotypes.",No confirmed official legal action has been reported as of now (subject to verification),Pusjkar singh dhami,Bhartiya janta party,,29.19,79.51,state-level,https://www.facebook.com/reel/4317813021813077 ; https://www.instagram.com/reels/DYcJI4Uve_n/
r5ca28dd0,78,,"Trinagar,Delhi",Delhi,"Discrimination, exclusion & prejudice",Muslim,"In Trinagar, Delhi, a group of people was reportedly seen on the streets declaring that they would not allow others to purchase “Hindu property.”
Such statements have raised concerns among Muslims about discrimination in housing and denial of equal property rights.
The incident reflects growing anxiety within the community regarding access to housing and freedom to reside in certain areas.",No confirmed official legal action has been reported as of now (subject to verification),Unidentified individuals,Not specified,,28.67,77.17,locality,https://www.facebook.com/reel/1882346075632844
r36e0c4a3,79,,Mira Bhayander,Maharashtra,Act of violence,Muslim,"In Mira Bhayander, Maharashtra, a group allegedly linked to Hindu nationalist outfits stormed a shop where Muslim shopkeepers were working and accused them of “land jihad.”
The crowd reportedly threatened the shopkeepers to vacate immediately, creating a tense and hostile situation.
Despite pleas from the shopkeepers, the group allegedly forced goods out of the shop and threw them onto the road.
The incident caused panic and distress, with victims reportedly left helpless as their livelihood was disrupted.",No confirmed official legal action has been reported as of now (subject to verification),Unidentified individuals,Not specified,,19.3,72.86,locality,https://www.facebook.com/reel/2787761731590621
re678c008,80,,Azamgarh,Uttar Pradesh,Police atrocity,Muslim,"In Azamgarh, Uttar Pradesh, a Dalit youth was allegedly beaten in public by the in-charge of Gosai Bazar Police Post.
The incident has raised serious concerns about misuse of authority and caste-based discrimination.
Eyewitness accounts suggest theperson was assaulted openly, leading to public outrage.
Members of the Dalit community have demanded strict action and accountability against the officer involved.
The incident has further intensified concerns over safety and dignity of marginalized communities.",No confirmed official legal action has been reported as of now (subject to verification),"Police official (in-charge of Gosai Bazar Police Post), identity not publicly confirmed.",Not specified,,26.02,83.03,locality,https://x.com/VOIM_Matters/status/2056647664188506362 ; https://www.brut.media/in/articles/india/society/16-year-old-dalit-boy-allegedly-stripped-and-beaten-for-drinking-water-in-kanpur
r9dc6a888,81,,Dehradun,Uttarakhand,"Discrimination, exclusion & prejudice",Muslim,"In Dehradun, members of Bajrang Dal allegedly vandalised the signboard of a shop named “Ashu General Store,” claiming that the owner was Muslim.
The act reportedly created fear among Muslim traders, raising concerns about targeting of businesses based on identity.
Separately, an individual identified as Aman Swedia allegedly made public calls to boycott Muslims, including appeals not to rent shops to them.
Such calls have heightened anxiety within the Muslim community regarding economic exclusion and discrimination.",No confirmed official legal action has been reported as of now (subject to verification),Members associated with Bajrang Dal; individual Aman Swedia (as alleged).,Bajrang Dal,Pending,30.33,78.04,locality,https://x.com/kaushikrj6/status/2056598217211650218
r2a44963c,82,,Agra,Uttar Pradesh,"Discrimination, exclusion & prejudice",Muslim,"A video from Agra reportedly shows an individual identified as Bobby Chaudhary approaching a biryani cart run by a Muslim youth and recording him.
The person is seen questioning the interference, stating that he is running his cart in his own locality and asking what the problem is.
Such repeated filming of Muslim vendors has raised concerns about harassment and targeting of livelihoods.
The interaction appears confrontational, creating discomfort and tension for the vendor.
Incidents like this contribute to a sense of insecurity among small Muslim business owners.",No confirmed official legal action has been reported as of now (subject to verification),Bobby Chaudhary,Not specified,,27.18,78.01,locality,https://x.com/AshrafFem/status/2056724103130939892
r5e2968f4,83,,"Uluberia (Dhulasimla village, Madhya Para mosque) west bengal",West Bengal,Attacks on religious spaces,Muslim,"In Uluberia, West Bengal, Muslims arriving for morning namaz found religious slogans and a saffron lotus symbol drawn outside the gate of their mosque.
The incident reportedly occurred during the night, causing shock and distress among the local Muslim community.
Such acts are seen as targeting religious spaces and creating a sense of insecurity among worshippers.
A video from the scene reflected concerns about increasing hostility toward Muslim religious sites.",No FIR registered so far; police investigation ongoing based on CCTV review.,Unidentified miscreants (as per police statement).,Not specified,,22.47,88.1,locality,https://x.com/TheSiasatDaily/status/2056625214470107424 ; https://muslimmirror.com/west-bengal-jai-shri-ram-saffron-lotus-drawn-outside-uluberia-mosque-in-howrah/
r09538157,84,,Ranchi – Birsa Munda Central Jail,Jharkhand,Police atrocity,Muslim,"A Muslim woman inmate lodged in Birsa Munda Central Jail, Ranchi, has alleged repeated sexual exploitation by the jail superintendent during her custody.
The victim claims she was taken to isolated locations and outside medical facilities under the pretext of treatment.
It is further alleged that she became pregnant and that the pregnancy was terminated to destroy evidence.
Serious concerns have been raised about abuse of power and custodial violence against a vulnerable inmate.
Allegations also suggest that senior prison authorities, including the Inspector General of Prisons, may have shielded the accused and facilitated destruction of evidence",Jharkhand High Court has taken suo motu cognisance; inquiry and official reports ordered. Investigation ongoing.,Jail Superintendent allegedly accused; role of senior prison officials also under scrutiny.,State police officials,,23.37,85.33,locality,https://x.com/Delhiite_/status/2056763923551096877 ; https://www.thehindu.com/news/national/jharkhand/jharkhand-high-court-seeks-report-on-alleged-sexual-assault-of-woman-inmate-in-ranchi-jail/article71010942.ece
rd9d5dd86,85,,"Silchar (origin), Assam",Assam,"Discrimination, exclusion & prejudice",Muslim,"A Muslim woman travelling alone by train from Silchar, Assam, was allegedly subjected to verbal abuse, body shaming, and humiliating remarks by co-passengers.
The woman was reportedly targeted over her identity and questioned in a derogatory manner.
Her belongings were allegedly searched by others on suspicion of carrying meat items, causing distress and violation of privacy.
The incident reflects concerns of harassment and intimidation faced by Muslim women in public spaces.",No confirmed official legal action has been reported as of now (subject to verification),Unidentified co-passengers,Not specified,,24.83,92.79,locality,https://x.com/Kamru_Choudhury/status/2056732531433906254 ; https://www.facebook.com/reel/1004395595384684
r2c26982b,86,,Aligarh,Uttar Pradesh,Act of hate,Muslim,"Thakur Raghuraj Singh reportedly advised a Mufti and members of the Muslim community to go to Pakistan during remarks linked to the controversy over Eid prayers in Aligarh.
Such statements have caused distress among Muslims, who perceive them as questioning their belonging and citizenship.
The comment has raised concerns about stigmatization and exclusion of Muslims in public discourse.",No confirmed official legal action has been reported as of now (subject to verification),Thakur Raghuraj Singh,Bhartiya janta party,,27.88,78.14,locality,https://www.facebook.com/reel/2782704555419876 ; https://www.bhaskar.com/local/uttar-pradesh/aligarh/news/aligarh-state-minister-raghuraj-singh-pakistan-iran-road-namaz-137504687.html
r0459fbed,87,,Indore,Madhya Pradesh,Act of violence,Muslim,"In Indore, Madhya Pradesh, two Muslim men were allegedly assaulted by members of Bajrang Dal on suspicion of transporting beef.
The victims were reportedly stopped and beaten in public, leading to fear and distress.
Their e-rickshaw was also vandalized during the incident, damaging their means of livelihood.
The accusations were based on suspicion, with no immediate verification presented at the scene.",No confirmed official legal action has been reported as of now (subject to verification),Unidentified individuals,Not specified,,22.72,75.87,locality,https://x.com/TheMuslim786/status/2056600538041729034
rebd63ed0,88,,"Juhapura, Ahmedabad",Gujarat,Police atrocity,Muslim,"In Juhapura, Ahmedabad, police reportedly arrested several Muslim youths over allegations of possessing beef, and videos of alleged police assault circulated widely.
A 70-year-old man, Zaheer Shaikh alias Zaheer Dabba, was also arrested in connection with the case and later died in custody.
Before his death at SVP Hospital, Zaheer allegedly accused police officers of custodial torture, including physical assault and harassment.
Allegations also include demand for a bribe to stop the abuse, raising serious concerns about misuse of authority.
Police, however, claimed that his condition deteriorated due to consumption of a high dose of medicine while in custody.",Custodial death reported; official version and allegations differ; investigation required/ongoing (details not fully confirmed).,Police personnel allegedly involved,State police officials,info collected,23.0,72.53,locality,https://x.com/i/status/2057067799902589110 ; https://www.facebook.com/watch/?v=1024181160272125
r7af44e76,89,,West Bengal,West Bengal,State-sponsored discriminatory practice,Muslim,"In West Bengal, policy changes following a Calcutta High Court judgment have led to the removal of several Muslim communities from the OBC reservation list, significantly affecting their access to jobs and education.
For many Muslims, this rollback is being perceived as state-enabled exclusion from affirmative action benefits they had been availing for years.
The cancellation of recognition for multiple Muslim OBC groups has intensified fears of systemic marginalization and reduced socio-economic mobility.",Based on High Court judgment; policy implemented accordingly; potential for further legal challenge or review.,Bharatiya Janata Party,Bharatiya Janata Party,,22.98,88.53,state-level,https://www.facebook.com/100044214347061/posts/1563672615116535/?rdid=HQjJmAJl3iEMa3WT# ; https://surl.li/edzjog
r5d11cfcf,90,,Online,Online,Act of hate,Muslim,"An IRS officer, Nesha Oraon, currently serving as Additional Commissioner of Income Tax (OSD), is seen in a viral video making remarks perceived as targeting Muslims.
In the video, she allegedly compares Muslims to “salts” harming the “tree of Sanatan,” which has raised serious concerns among the Muslim community.
She is also heard suggesting that those who do not follow Sanatan Dharma should be removed, which has been viewed as exclusionary and discriminatory.",No confirmed official legal action has been reported as of now (subject to verification),"Nesha Oraon, IRS officer",Not specified,,,,not mapped,https://x.com/RightsForMuslim/status/2057036185269154024
rb66b7e31,91,,Dehradun,Uttarakhand,Act of hate,Muslim,"During a protest in Dehradun, members of a Hindu nationalist group raised slogans against “Love Jihad” and “Land Jihad,” creating a hostile environment for Muslims.
A speaker allegedly used highly derogatory language, referring to Muslims with dehumanizing terms like “jihadi insects.”
Such remarks have caused fear and distress within the Muslim community, who perceive them as open incitement and targeting of their identity.",No confirmed official legal action has been reported as of now (subject to verification),Unidentified members and speaker associated with a Hindu nationalist group.,Not specified,,30.33,78.04,locality,https://x.com/MuslimSpaces/status/2057041534332346581
ra6c48dfc,92,,"Rajarhat Gopalpur,West bengal",West Bengal,"Discrimination, exclusion & prejudice",Muslim,"A Muslim vegetable vendor in Rajarhat Gopalpur, West Bengal, was allegedly harassed by an individual who repeatedly questioned his identity while he was setting up his stall.
The vendor was subjected to verbal abuse, causing distress and humiliation during his routine work.
The incident highlights how Muslim individuals engaged in small businesses can face targeting in everyday public spaces.",No confirmed official legal action has been reported as of now (subject to verification),Unidentified individual,Not specified,,22.63,88.44,locality,https://x.com/TheMuslimMatter/status/2057077685386391679
r8aae3b71,93,,"Tiruvannamalai district,Tamil Nadu",Tamil Nadu,Act of violence,Muslim,"A Muslim woman in Tiruvannamalai district was allegedly verbally abused and physically assaulted by an unidentified youth while withdrawing money from an ATM.
The accused reportedly approached her inside or near the ATM and used abusive language before attempting to attack her.
The incident caused fear and distress, highlighting safety concerns for Muslim women in public spaces.
Following the complaint by the victim, police took prompt action and initiated an investigation.",FIR registered; accused identified and arrested with the help of CCTV evidence.,Unidentified youth (now arrested; identity not publicly confirmed).,Not specified,,12.43,79.0,locality,https://x.com/Muslim_ITCell/status/2057303737626931677
r18e2a075,94,,West Bengal,West Bengal,State-sponsored discriminatory practice,Muslim,"The West Bengal government has made singing “Vande Mataram” compulsory in madrassas during morning assembly.
The order applies to government, aided, and recognized madrassas across the state.
Many Muslims have expressed concern that this interferes with religious autonomy and practices.
The move has sparked debate over freedom of religion and minority rights.
While some see it as promoting unity, others view it as insensitive to Muslim sentiments.
The issue highlights tensions between state directives and religious freedoms.",No confirmed official legal action has been reported as of now (subject to verification),Shubhendu Adhikari,Bharatiya Janata Party,,22.98,88.53,state-level,https://indianexpress.com/article/india/bengal-suvendu-adhikari-order-vande-mataram-compulsory-in-madrassas-10700740/ ; https://www.facebook.com/story.php?story_fbid=1593516662780643&id=100063669742957&rdid=AfEg7MNGqzw3cGV3#
r1eaa2c21,95,,Meerut (Abulane area),Uttar Pradesh,Act of violence,Muslim,"In Meerut, a Muslim youth was allegedly assaulted by members of Vishwa Hindu Parishad and Bajrang Dal inside a hookah bar after being seen with a Hindu woman.
Youth was reportedly beaten by the group before being handed over to the police.
The incident created fear and distress, highlighting concerns of targeting based on identity and personal relationships.",Police have registered a case against Accused; investigation ongoing.,"Members of Vishwa Hindu Parishad and Bajrang Dal; individuals named include Pawan Kashyap, Naman Aggarwal, Ujjwal Tayal, and Yash Prajapati (as reported).",Vishwa Hindu Parishad and Bajrang Dal,,29.0,77.77,locality,https://www.facebook.com/story.php?story_fbid=3449127211905651&id=100004252188625&post_id=100004252188625_3449127211905651&rdid=7GtKndg4V4DQVYxb#
r4f40c22f,96,,Bandra (Garib Nagar area),Maharashtra,Police atrocity,Muslim,"During an anti-encroachment drive in Bandra’s Garib Nagar, carried out under court directions, tensions escalated after a mosque structure was demolished.
Amid the unrest, a video allegedly showed police personnel kicking an injured Muslim man, raising serious concerns of excessive force.
Members of the Muslim community reported experiencing brutality and harsh treatment during the operation.",No confirmed official legal action has been reported as of now (subject to verification),Police personnel,State police officials,,19.06,72.84,locality,https://x.com/TheMuslim786/status/2057325267660775594
r4f40c22f-2,97,,Bandra (Garib Nagar area),Maharashtra,Attacks on religious spaces,Muslim,"During an anti-encroachment drive in Bandra’s Garib Nagar, carried out under court directions, tensions escalated after a mosque structure was demolished.The incident has intensified fears regarding safety, dignity, and treatment of Muslims during enforcement actions.
While authorities may justify the drive as a legal exercise, the alleged conduct of police has drawn criticism.",Anti-encroachment drive conducted under court orders; allegations of police brutality require investigation.,State authorities,State authorities,,19.06,72.84,locality,https://x.com/TheMuslim786/status/2057325267660775594
rcfd42ea1,98,,Agra,Uttar Pradesh,Act of hate,Muslim,"During an event in Agra marking the birth anniversary of Prithviraj Chauhan, a speaker identified as a cow vigilante allegedly delivered a speech targeting Muslims and Islam.
The speech included highly derogatory remarks questioning Muslims’ belonging and rights in the country.
Such statements have caused distress among Muslims, who perceive them as dehumanizing and exclusionary.
The speaker also criticized inter-community harmony, discouraging social ties between Hindus and Muslims.",No confirmed official legal action has been reported as of now (subject to verification),"Unidentified speaker, a cow vigilante",Not specified,,27.18,78.01,locality,https://x.com/MuslimSpaces/status/2057336195345236352
ree7aa570,99,,"Bokaro (Sector-9, Basanti Mor petrol pump)",Jharkhand,Act of violence,Muslim,"In Bokaro, Jharkhand, three Muslim children were allegedly brutally beaten at a petrol pump in Sector-9, reportedly because they were wearing religious caps.
The children were seen pleading for mercy, but the assault continued, causing fear and trauma.
The incident, captured on CCTV, has raised serious concerns about targeting of Muslim identity in public spaces.
Such violence against minors has intensified anxiety within the Muslim community regarding safety and dignity.",No confirmed official legal action has been reported as of now (subject to verification),Unidentified individuals,Not specified,Pending,23.7,85.99,locality,https://x.com/KarishmaAziz_/status/2057072050657694133
rf4b78015,1,,Deoband,Uttar Pradesh,Attacks on religious spaces,Muslim,"An individual identified as Lalit Sharma, reportedly associated with a known figure from Ghaziabad, has been seen in viral videos making inflammatory statements targeting Muslims.
During Eid al-Fitr, he allegedly called for restrictions on Eid celebrations in certain areas, raising concerns among Muslims about religious freedom.
In a recent video, he claimed that a temple exists beneath a mosque in the Darul Uloom complex in Deoband and demanded excavation.
Such claims have contributed to anxiety among Muslims regarding targeting of religious sites and attempts to question their places of worship.",No confirmed official legal action has been reported as of now (subject to verification),Lalit Sharma,Not specified,,29.72,77.67,locality,https://x.com/WasimAkramTyagi/status/2057709354418413968 ; https://www.facebook.com/reel/1958190078905866
red806589,2,,Dhar,Madhya Pradesh,State-sponsored discriminatory practice,Muslim,"In Dhar, Madhya Pradesh, Superintendent of Police Sachin Sharma was seen in a video issuing a strong warning while chanting “Bharat Mata Ki Jai.”
His remarks, including challenges to those who might oppose police action, have raised concerns among Muslims about the tone and neutrality of law enforcement.
Such statements by a senior police officer have been perceived as intimidating and contributing to fear within minority communities.
The language used has sparked debate about professionalism and impartiality expected from police authorities.",No confirmed official legal action has been reported as of now (subject to verification),"Sachin Sharma, Superintendent of Police.",State police officials,,22.58,75.23,locality,https://x.com/faizulhaque95/status/2057756602615398482
re7c16cd3,3,,"Kanker district (Antagarh region – villages including Madappa, Bhainsgaon, Burkhapara) Chhattisgarh",Chhattisgarh,"Discrimination, exclusion & prejudice",Christian,"In Kanker district, Chhattisgarh, several Christian families have alleged being denied access to water sources such as rivers, ponds, and hand pumps due to their religious identity.
The restrictions have reportedly continued for weeks, severely affecting daily life and livelihoods.
Affected families claim that such actions are being used to pressure them into abandoning Christianity and participating in “Ghar Wapsi” programmes.
The situation has caused significant hardship, particularly regarding basic needs like water access.
Community representatives state that multiple complaints were submitted to authorities, but the issue persists.",Complaints submitted to administration and police; no confirmed resolution or action publicly reported.,Unidentified local individuals/groups allegedly enforcing restrictions.,Not specified,,20.09,80.68,locality,https://theobserverpost.com/christians-in-chhattisgarhs-kanker-allege-denial-of-water-work-over-faith/ ; https://catholicconnect.in/news/christian-families-in-chhattisgarh-allege-denial-of-water-access-over-faith
r7ae097f4,4,,Pitampura,Delhi,Attacks on religious spaces,Muslim,"In Pitampura, Delhi, an under-construction structure claimed to be a madrasa was demolished by Karnal Singh along with his supporters.
The action has raised concerns among Muslims about targeting of religious institutions.
Karnal Singh publicly stated that he would not allow a mosque or madrasa to be built in his constituency, which has caused distress within the Muslim community.
Such statements are being perceived as exclusionary and affecting religious freedom.",No confirmed official legal action has been reported as of now (subject to verification),Karnal Singh and supporters allegedly involved.,Bharatiya Janata Party,,28.7,77.13,locality,https://maktoobmedia.com/post?id=115544&slug=bjp-mla-leads-mob-demolition-of-madrasa-wall-in-delhis-pitampura ; https://www.hindustantimes.com/cities/delhi-news/bjp-mla-razes-structure-in-pitampura-says-site-of-illegal-madrasa-101779474930044.html
ra044f659,5,,"Aurangabad district,Bihar",Bihar,"Discrimination, exclusion & prejudice",Muslim,"In Aurangabad, Bihar, authorities seized a consignment of 46 cattle and two pickup vehicles ahead of Eid al-Adha, citing violations of animal transport and slaughter laws.
While the administration described the action as a legal enforcement measure, such incidents often create concern among Muslims whose religious practices are closely associated with the festival.
The timing of the seizure, just before Eid, has raised apprehensions about restrictions affecting religious observance.
For many in the Muslim community, such actions can impact their ability to perform traditional rituals.",No confirmed official legal action has been reported as of now (subject to verification),District administration,District administration,,24.8,84.41,locality,https://x.com/TheMuslimMatter/status/2058087335166623786 ; https://x.com/uniindianews/status/2058112490287104052
rfe4d9952,6,2026-06-04,"Azad Nagar, near Mujesar Gate, Faridabad",Haryana,Attacks on religious spaces,Muslim,"A Jama Masjid located near Mujesar Gate in Azad Nagar was demolished by authorities during an anti-encroachment drive, reducing the structure to debris.",Authorities claimed the structure was an illegal encroachment on government land and carried out demolition as part of a clearance drive.,Haryana Urban Development Authority (HUDA),Government authorities (State administration),,29.97,76.82,locality,https://theprint.in/ground-reports/faridabad-mosque-temple-demolition-rrts/2951221/ ; https://www.hindustantimes.com/india-news/temple-mosque-razed-in-faridabad-demolition-drive-to-make-way-for-rrts-corridor-101780134952470.html
r91b7f374,7,2026-06-04,Kolkata,West Bengal,Attacks on religious spaces,Muslim,"The process to relocate the 136-year-old Gauripur Jame Masjid inside Kolkata Airport is gaining momentum.
Airport authorities and the district administration have conducted joint inspections and multiple meetings.
Officials claim the mosque’s proximity to the runway is affecting flight operations and security.
The issue had remained unresolved for nearly 30 years due to political and religious sensitivities.",Under administrative review; no final order publicly issued yet.,Officials of Airports Authority of India (AAI) and district administration.,Government authorities (State and Central administration).,,22.57,88.36,locality,https://hindi.news18.com/news/west-bengal/kolkata-kolkata-airport-136-year-old-mosque-relocation-suvendu-adhikari-bengal-politics-local18-10502863.html?utm_medium=social&utm_source=facebook&utm_campaign=regular- ; https://www.facebook.com/story.php?story_fbid=1452288906928523&id=100064422830440&post_id=100064422830440_1452288906928523&rdid=OjW95CpJkTiwFG2X#
r687318a2,8,2026-06-04,"Ludgama village, Benipatti area, Madhubani",Bihar,Act of violence,Muslim,"A 66-year-old Muslim man, Islam Nadaf, was brutally assaulted by a mob in Madhubani district.
The incident reportedly began during a dispute at a wedding involving members of the Lohar community.
The situation escalated into mob violence, with a large group attacking the victim’s house and family.
The mob allegedly vandalized property and assaulted multiple family members, including women.
Islam Nadaf sustained severe injuries during the attack and was hospitalized.
He succumbed to his injuries after 10 days of treatment on 21 May 2026.
The incident has raised concerns over communal violence and mob lynching in the region.","A murder case has been registered under relevant sections of law. One accused has been arrested and remanded to judicial custody. Allegations of delay and negligence have been made against the police, though officials deny these claims.",Unidentified individuals,Not specified,,26.44,85.91,locality,https://zeenews.india.com/hindi/zeesalaam/muslim-news/bihar-mob-lynching-elderly-muslim-man-islam-nadaf-beaten-to-death-by-hindu-lohar-community-mob-in-madhubani/3227848 ; https://x.com/salaamtvnews/status/2058587393591242801
rfe14d804,9,2026-06-04,"Lansdowne Assembly area, Uttarakhand",Uttarakhand,Media manipulation & distortion of facts,Muslim,"A social media post circulated claiming that a large mosque had been constructed over the Kaleshwar Mahadev temple in the Lansdowne Assembly area.
The claim was shared widely through a Facebook account named “Pyara Uttarakhand.”
The content appeared to frame the situation in a communal manner, potentially inciting tensions.
No verified evidence has been confirmed to support the claim of a mosque being built over a temple.",No confirmed official legal action has been reported as of now (subject to verification),Unidentified individual(s) operating the Facebook account “Pyara Uttarakhand.”,Not specified,,29.19,79.51,state-level,https://www.facebook.com/reel/1368018088481599
rbfe11e85,10,2026-06-04,Karnataka,Karnataka,"Discrimination, exclusion & prejudice",Muslim,"A controversy arose after remarks by BJP leaders regarding classroom attendance practices in Karnataka.
Basanagouda Patil Yatnal suggested that students should say “Jai Shri Ram” instead of “Yes Sir” during attendance.
The statement was later endorsed by G. Janardhana Reddy.
The remarks came amid ongoing debates over allowing students to wear hijab and other religious symbols in educational institutions.
The issue has triggered political reactions and public debate on secularism in classrooms.",No confirmed official legal action has been reported as of now (subject to verification),Basanagouda Patil Yatnal (statement originator) and G. Janardhana Reddy (endorsement),Bharatiya Janata Party (BJP).,,13.02,77.57,state-level,https://www.jansatta.com/national/bjp-mla-janardhan-advocates-saying-jai-shri-ram-instead-of-yes-sir-during-class-attendance/4547140/ ; https://hindi.theprint.in/india/bjp-mla-janardhan-advocates-saying-jai-shri-ram-instead-of-yes-sir-during-class-attendance/975761/
rf9891d21,11,2026-06-04,"Tiljala–Topsia area, Kolkata",West Bengal,State-sponsored discriminatory practice,Muslim,"Residents of the Tiljala–Topsia area in Kolkata received demolition notices from civic authorities shortly before Eid al-Adha.
The notices declared several residential buildings as “unauthorised” under municipal law.
Residents were asked to vacate within 48 hours or face demolition action.
The move has raised concern due to its timing just days before a major religious festival.
Thousands of residents, reportedly including a large number of Muslims, may be affected.","Action initiated under provisions of the Kolkata Municipal Corporation Act, 1980; demolition notices issued with 48-hour compliance requirement.",Officials of Kolkata Municipal Corporation (KMC).,Government authorities (State and Central administration).,,22.57,88.36,locality,https://www.siasat.com/kolkata-municipality-serves-demolition-notices-two-days-before-bakrid-3476814/ ; https://www.facebook.com/reel/2423100521497967
r3558d2a0,12,2026-06-04,Online,Online,Act of hate,Muslim,"A video circulating on social media shows Daksh Chaudhary making a controversial statement.
In the video, he allegedly threatens that anyone taking a cow on Eid would not be spared.
The remark appears to target a specific religious community and references Eid practices.
The statement has raised concerns over hate speech and potential incitement to violence.
Such content, when widely circulated, can contribute to communal tension.",No confirmed official legal action has been reported as of now (subject to verification),Daksh Chaudhary,Not specified,,,,not mapped,https://www.facebook.com/reel/978833518259498
rf4766cfe,13,2026-06-05,Muzaffarnagar,Uttar Pradesh,Police atrocity,Muslim,"A food blogger named Anas was arrested by Muzaffarnagar Police following objections to a promotional video.
The video featured visuals of Shiv Chowk, a prominent city landmark, at the beginning.
During these visuals, a temple and saffron flags in the background were also visible.
The video later showed food items from a chicken outlet named “Al Yameen Chicken Center.”
Certain groups objected, alleging that their religious sentiments were hurt by the content.
Police subsequently took action and reportedly sent the blogger to jail.
The incident has sparked debate over freedom of expression and selective enforcement.",Police action taken following complaints of hurting religious sentiments; exact legal provisions not specified.,Uttar Pradesh Police (Muzaffarnagar Police).,State law enforcement authorities.,,29.45,77.74,locality,https://x.com/TheRFTeam/status/2058888917815033966
r286a4cb2,14,2026-06-05,"dargah of Hazrat Kamaluddin Chishti, Dhar",Madhya Pradesh,Act of hate,Muslim,"A communal incident was reported near the dargah of Hazrat Kamaluddin Chishti in Dhar.
Members of a Hindutva organization allegedly raised objectionable slogans in the area.
The slogans reportedly included references to disputed religious sites, escalating tensions.
In response, members of the Muslim community gathered and raised religious slogans.",No confirmed official legal action has been reported as of now (subject to verification),Unidentified members of a Hindutva organization.,Not specified,,22.58,75.23,locality,https://x.com/TheMuslim786/status/2058263174798000420
r51177a35,15,2026-06-05,Indore,Madhya Pradesh,Act of hate,Muslim,"A video from Indore shows individuals allegedly associated with Bajrang Dal issuing a threatening statement.
In the video, a speaker is heard saying that they can take anyone’s life in the name of cow protection.
The statement is being widely interpreted as an open death threat.
The remarks were reportedly made in a public setting in the presence of police personnel.
The incident has raised concerns regarding law enforcement response and public safety.",No confirmed official legal action has been reported as of now (subject to verification),Alleged members of Bajrang Dal.,Bajrang Dal,,22.72,75.87,locality,https://x.com/TheMuslim786/status/2058375862991679637
r84f11b79,16,2026-06-05,Ghazipur,Uttar Pradesh,"Discrimination, exclusion & prejudice",Muslim,"A video circulating online shows a Muslim youth being stopped by an unidentified individual.
The person allegedly forced him to chant a religious slogan (“Jai Shri Ram”).
The act appeared coercive and was recorded on video.
The youth reportedly resisted the pressure and responded without complying.
The interaction reflects concerns about vigilantism and religious coercion in public spaces.
The video has been widely shared, raising public concern and debate.
No physical violence has been clearly confirmed in the clip.",No confirmed official legal action has been reported as of now (subject to verification),Unidentified individual,Not specified,,25.6,83.51,locality,https://x.com/TheMuslim786/status/2058231719237648542
rd29b24fd,17,2026-06-05,"Pitampura, Delhi",Delhi,Attacks on religious spaces,Muslim,"A controversy arose in Pitampura following the collapse/demolition of a madrasa wall.
During the incident, BJP MLA Karnail Singh allegedly issued a warning to the madrasa’s imam.
He reportedly stated that namaz would not be allowed to be offered at the site going forward.
The remarks were made in the context of claims that the madrasa was built on government land.
The statement has been perceived as a direct threat to religious practices at the location.
The incident has raised concerns regarding interference in religious freedom.",No confirmed official legal action has been reported as of now (subject to verification),Karnail Singh,Bharatiya Janata Party (BJP).,,28.7,77.13,locality,https://x.com/TheMuslim786/status/2058123233510269110
r47480c6f,18,2026-06-05,"Dhar, Madhya Pradesh",Madhya Pradesh,Police atrocity,Muslim,"Tensions rose in Dhar following reports related to the status of the Kamal Maula mosque.
Rumours circulated that members of the Muslim community planned to offer Jummah prayers at the site.
In response, Dhar Superintendent of Police Sachin Sharma issued public warnings.
He reportedly directed police personnel to raise patriotic slogans and play nationalistic songs in the area.
The officer also warned of strict action against any perceived disturbance.
His remarks, including strong warning language, have raised concerns about neutrality in law enforcement.
The situation reflects heightened sensitivity around religious sites and public order.",No confirmed official legal action has been reported as of now (subject to verification),"Sachin Sharma, Superintendent of Police, Dhar.",State law enforcement authority.,,22.58,75.23,locality,https://x.com/TheMuslim786/status/2057763829858333013
r339bfa17,19,2026-06-05,"Cantonment area,Dhar Madhya Pradesh",Madhya Pradesh,State-sponsored discriminatory practice,Muslim,"An elderly Muslim man’s shop in a cantonment area of Madhya Pradesh was reportedly demolished by authorities.
According to claims, no prior demolition order or notice had been issued before the action.
The demolition was carried out by the administration, allegedly without due process.
The incident has raised concerns regarding procedural fairness and protection of livelihoods.
It has also triggered reactions highlighting vulnerability of economically weaker individuals.
No official clarification from authorities has been confirmed regarding the legality of the action.",No confirmed official legal action has been reported as of now (subject to verification),Local administration,Government authorities.,,23.17,80.02,locality,https://x.com/KarishmaAziz_/status/2058396131244306856
r53b52fcc,20,2026-06-06,"Tejaji Nagar, Indore",Madhya Pradesh,Act of violence,Muslim,"A man transporting cattle in a truck was allegedly intercepted in Tejaji Nagar, Indore.
Members reportedly associated with Vishva Hindu Parishad and Bajrang Dal stopped the vehicle.
The driver was allegedly assaulted by the group during the incident.
Reports also claim that he was humiliated and forced to strip and dance publicly.
The incident has circulated widely on social media, drawing public outrage.",No confirmed official legal action has been reported as of now (subject to verification),"Individuals identified in reports as Aashish Thakur and Akash Thakur, along with others",Vishva Hindu Parishad and Bajrang Dal.,,22.64,75.89,locality,https://x.com/TheObserverPost/status/2058143084815450146
r235eb731,21,2026-06-06,Online,Online,Act of hate,Muslim,"A video circulating on social media shows a woman making highly inflammatory remarks targeting Muslims.
In the video, she allegedly states that Muslims should leave India if they wish to practice their religion.
She further claims that the country belongs exclusively to Hindus.
The statements have been widely interpreted as hate speech and exclusionary rhetoric.",No confirmed official legal action has been reported as of now (subject to verification),Unidentified woman,Not specified,,,,not mapped,https://x.com/TheMuslim786/status/2058480711544574324
r25fbaa3c,22,2026-06-06,Online/Ghaziabad,Uttar Pradesh,Act of hate,Muslim,"A controversial statement was posted on social media calling for driving out “Bangladeshi infiltrators.”
The post was shared by Pinki Bhaiya on his X (formerly Twitter) account.
The language used in the post was aggressive and exclusionary in tone.
Such remarks are being viewed as targeting a specific community and migrants.",No confirmed official legal action has been reported as of now (subject to verification),Pinki Bhaiya,Hindu Raksha Dal,,27.13,80.86,state-level,https://x.com/BHUPENDER_HRD/status/2058128897326391318
r4276375a,23,2026-06-06,"Modinagar, Ghaziabad",Uttar Pradesh,Act of violence,Muslim,"An incident was reported in Modinagar where a man identified as Arif was allegedly assaulted.
The assault was reportedly carried out by individuals linked to Hindu Raksha Dal.
He was accused by the group of harassing women visiting a local temple.
Following these allegations, the group allegedly detained and physically attacked him.
The incident has circulated on social media, raising concerns over vigilante action.
Questions have been raised regarding due process and the role of law enforcement.",No confirmed official legal action has been reported as of now (subject to verification),Members associated with Hindu Raksha Dal.,Hindu Raksha Dal.,,28.83,77.58,locality,https://x.com/afzalalamjmi/status/2058188089827402144
r3c925c07,24,2026-06-06,"Bhalukpong village, Sonitpur district",Assam,Act of violence,Muslim,"A mob attack was reported in Bhalukpong village where a mini truck carrying three Muslim businessmen was stopped.
The attackers allegedly suspected the victims of cattle smuggling.
The mob reportedly assaulted all three individuals during the incident.
Two of the victims died due to severe injuries, while one person was seriously injured.
The deceased were residents of Morigaon district in Assam.
The incident has raised concerns regarding mob lynching and communal targeting.",A case has been registered and investigation initiated by the police.,Unidentified mob,Not specified,,27.0,92.64,locality,https://www.facebook.com/story.php?story_fbid=846645465164889&id=100094583289369&post_id=100094583289369_846645465164889&rdid=tXlexF9vIoJzMvyR# ; https://maktoobmedia.com/post?id=115549&slug=assam-two-muslim-men-beaten-to-death-no-arrests-as-police-cite-large-numbers
re00af534,25,2026-06-06,"Local train, Mumbai",Maharashtra,"Discrimination, exclusion & prejudice",Muslim,"An incident was reported on a Mumbai local train involving a Muslim woman passenger.
Another woman allegedly recorded her video without consent during the journey.
The video was later shared on social media with a caption inviting comments on her appearance.
The act has been widely viewed as a violation of privacy and dignity.
The incident has raised concerns about harassment in public transport spaces.
It has also triggered debate over targeted behavior based on religious identity.",No confirmed official legal action has been reported as of now (subject to verification),Unidentified woman,Not specified,,19.05,72.87,locality,https://x.com/TheMuslimMatter/status/2058410676796682404
ra17ff25e,26,2026-06-06,"Ludgama village, Benipatti area, Madhubani",Bihar,Act of violence,Muslim,"A 66-year-old man, Islam Nadaf, died after being seriously injured in an alleged mob attack.
The incident occurred during a wedding function involving members of the Lohar community.
A dispute reportedly began after a family member of the victim participated in the celebrations.
The situation escalated into a physical confrontation and later into group violence.
A group allegedly gathered at the victim’s house, where assault and property damage took place.
The victim sustained critical injuries and died on 21 May during treatment.",Case registered under Section 103(1) of the Bharatiya Nyaya Sanhita (murder). One accused arrested; investigation ongoing.,Alleged involvement of members from the Lohar community (exact identities under investigation).,Not specified,,26.44,85.91,locality,https://clarionindia.net/mobbihar-elderly-man-killed-in-mob-violence-in-madhubani-violence-in-bihars-madhubani-triggers-death-of-an-elderly-muslim/ ; https://x.com/faizulhaque95/status/2058459479419871724
r2c028435,27,2026-06-06,"Hindon Barrage, Indirapuram, Ghaziabad",Uttar Pradesh,"Discrimination, exclusion & prejudice",Muslim,"Ghaziabad Mayor Sunita Dayal posted a video showing two Muslim children near Hindon Barrage.
She alleged that the children were attempting to dispose of cow meat in the area.
In the video, the children appeared visibly frightened while being questioned on camera.
The footage shows their faces clearly without any attempt to conceal identity.
The mayor also made remarks perceived as communal and issued warnings regarding a madrasa.
However, the video does not show the children actually disposing of any material.
Reports indicate that forensic examination of the substance is still underway.",Matter under scrutiny; no confirmed legal findings yet. Forensic analysis pending.,Sunita Dayal,Bharatiya Janata Party (BJP).,,28.67,77.4,locality,https://www.facebook.com/thewire.in/photos/on-may-24-sunita-dayal-mayor-of-ghaziabad-and-former-uttar-pradesh-bharatiya-jan/1028745779823450/ ; https://x.com/KarishmaAziz_/status/2058621769188352270
re2e9574e,28,2026-06-06,"Shastri Nagar, Delhi, India",Delhi,"Discrimination, exclusion & prejudice",Muslim,"Police have made progress in a case involving animal remains found outside a temple in Shastri Nagar.
Initial reports had led to speculation and communal tension regarding the incident.
Following investigation using CCTV footage, two individuals were identified.
The accused have been named as Lokesh Khatik and Hemant.
Police stated that one of the accused is involved in the trade of goat skins.
The findings suggest that earlier assumptions about community involvement may have been misleading.
The case highlights concerns about misinformation and its potential to trigger communal tension.",Accused identified; investigation ongoing. Further legal action subject to police proceedings.,Lokesh Khatik and Hemant (identified through CCTV footage).,Not specified,,28.67,77.18,locality,https://x.com/AmirKhan398316/status/2059237247036305693
r5dcff7cc,29,2026-06-06,"Shiv Chowk, Muzaffarnagar",Uttar Pradesh,Police atrocity,Muslim,"A Muslim food blogger, identified as Anas Ahmad, was arrested in Muzaffarnagar following a social media controversy.
The issue arose after a food review video briefly showed Shiv Chowk and the national flag in the background.
The video reportedly contained no explicit remarks against any religion or community.
Complaints were filed alleging that religious sentiments were hurt.
The blogger later issued an apology, stating that there was no intent to offend.
Despite this, police proceeded with arrest and legal action against him.
The incident has sparked debate over freedom of expression and proportionality of legal action.",Case registered under Section 170 of the Bharatiya Nyaya Sanhita (BNS); accused arrested.,Uttar Pradesh Police (Muzaffarnagar Police).,State law enforcement authority.,,28.69,77.34,locality,https://x.com/TheOPHindi/status/2058926124365975653
rd3289ad1,30,2026-06-07,"Poonam Estate Society, Mira Road, Mumbai",Maharashtra,"Discrimination, exclusion & prejudice",Muslim,"An incident was reported in Mira Road where a dispute arose over the bringing of a goat into a residential society.
Members of a Hindu organization gathered in response to the situation.
The group reportedly recited the Hanuman Chalisa as a form of protest.",No confirmed legal action reported; appears to be a local dispute.,Unidentified members of a Hindu organization.,Not specified,,19.28,72.86,locality,https://x.com/Lallanpost/status/2059201077657088499
rf7bfd4c9,31,2026-06-07,Muzaffarnagar,Uttar Pradesh,Act of violence,Muslim,"Two Muslim hawkers, identified as Aamir Malik and his nephew Javed, were allegedly assaulted in a residential colony in Muzaffarnagar.
They had reportedly entered the colony to deliver bedsheets to a customer.
According to their statement, they were suddenly labeled as “suspicious” by some residents.
Following this, both were allegedly beaten by a group of individuals.
The victims informed police that they were engaged in regular selling activity.
Police have stated that neither of the sellers has any prior criminal record.",Complaint reported to police; further action not clearly confirmed.,Unidentified local residents,Not specified,,29.45,77.74,locality,https://x.com/hindipatrakar/status/2059121544778093013
rff6ca553,32,2026-06-07,"Poonam Cluster Society, Mira Road, Mumbai",Maharashtra,"Discrimination, exclusion & prejudice",Muslim,"A protest was reported in Mira Road over goats kept for sacrifice in a residential society.
Individuals described as Hindutva activists gathered near Poonam Cluster Society.
During the protest, they allegedly attempted to bring pigs into the society premises.
The situation led to a commotion and heightened tensions among residents.
The incident is being discussed widely due to its potential to trigger communal sensitivities.",No confirmed official legal action has been reported as of now (subject to verification),Unidentified individuals described as Hindutva activists.,Not specified,,19.28,72.86,locality,https://x.com/JournoMirror/status/2059253012716232989
r0fa4c7b5,33,2026-06-07,"Sector 12, Faridabad",Haryana,"Discrimination, exclusion & prejudice",Muslim,"A Muslim street food vendor in Faridabad was allegedly threatened by a group of individuals.
The vendor was running a cart under the name “Sonu Chur-Chur Naan.”
Members of a Hindu nationalist group, reportedly accompanied by local media persons, confronted him.
They objected to the use of the name “Sonu” and demanded that he change it.
The group allegedly insisted that he display his father’s name instead.
During the confrontation, threatening language was used against the vendor.",No confirmed official legal action has been reported as of now (subject to verification),Unidentified individuals described as Hindutva activists.,Not specified,,28.39,77.32,locality,https://x.com/MuslimSpaces/status/2059261175452557500
r0ff254d9,34,2026-06-07,"Kurthijafarpur Police Station area, Mau",Uttar Pradesh,"Discrimination, exclusion & prejudice",Muslim,"Two individuals were arrested for writing a provocative slogan on the board of a police station in Mau.
The slogan reportedly read “Pakistan hai, always will be.”
The act was identified through CCTV footage installed at the location.
Police arrested the accused, identified as Arun and Abhinav.
The incident had the potential to trigger communal tension in the area.
The arrests have led to discussions regarding motives behind such acts.
The case highlights concerns about misinformation and attempts to create communal narratives.",Accused arrested based on CCTV evidence; further investigation ongoing.,Arun and Abhinav (identified through CCTV footage).,Not specified,,26.04,83.5,locality,https://www.facebook.com/100065239689932/posts/1372417044942939/?rdid=zxmn11CnnkUCnnvr#
rdd82cd52,35,2026-06-07,"Gokuldham Society, Mumbai",Maharashtra,State-sponsored discriminatory practice,Muslim,"Permission for goat sacrifice in Gokuldham Society, Mumbai, was reportedly cancelled following a meeting with municipal authorities and police.
The move has drawn attention due to its impact on religious practices during a festival period.
Some members of the community have expressed concerns regarding equal access to religious observances.",Administrative decision taken in coordination with municipal authorities and police; legality subject to local regulations and society rules.,Local administration and society management (in coordination with police).,law enforcement authorities.,,17.63,75.91,locality,https://www.facebook.com/100064842846554/posts/1511953114309436/?rdid=dEpaFEHXll23VoQM#
r8842925d,36,2026-06-07,"Kasmandi area, Lucknow",Uttar Pradesh,State-sponsored discriminatory practice,Muslim,"A dispute over a fort–mosque site intensified in the Kasmandi area of Lucknow ahead of Eid al-Adha.
The administration imposed restrictions on offering namaz at the disputed site as a precautionary measure.
Members of a Hindu organization had announced plans to recite Sundarkand at the location.
The Passi community has claimed the site as a Shiva temple and linked it to a historical fort of King Kansa.
The competing claims have heightened tensions in the locality.
Authorities have deployed heavy police forces to maintain law and order.",Preventive restrictions imposed by administration; dispute over site status unresolved.,Local administration,law enforcement authorities.,,26.84,80.93,locality,https://www.facebook.com/100094583289369/posts/849095018253267/?rdid=TZl28lTWVl26GSIB#
r7c4d4620,37,2026-06-07,"Bhikki village, Sikheda area, Muzaffarnagar",Uttar Pradesh,"Discrimination, exclusion & prejudice",Muslim,"Tension arose in Bhikki village after “house for sale” notices were reportedly written on multiple houses of a single family.
The affected families allege that they are facing pressure from a local BJP leader and his supporters.
They claim the situation has forced them to consider leaving the village.
The dispute reportedly began on May 1 over a minor altercation involving removal of a motorcycle.
The disagreement escalated into a physical clash between two groups, causing injuries on both sides.
Police registered cases from both sides and initiated action.
Six individuals from one group were arrested, while search for others is ongoing.",Cross FIRs registered; six accused arrested; investigation ongoing.,Allegations against a local BJP leader and supporters (names not specified).,Bharatiya Janata Party,,28.69,77.65,locality,https://www.facebook.com/story.php?story_fbid=1516375437166044&id=100063808067439&post_id=100063808067439_1516375437166044&rdid=YdotJGLLy0iRKVIq#
rf0dd9c3b,38,2026-06-07,"Thano, Dehradun",Uttarakhand,State-sponsored discriminatory practice,Muslim,"Authorities in Thano, Dehradun sealed a Jama Masjid, leading to protests from the local Muslim community.
The action followed a dispute regarding the extent of a court order related to the mosque structure.
Members of the community allege that the order applied only to a specific portion, not the entire premises.
Despite this, the full mosque complex was reportedly sealed by authorities.
The situation intensified after Bhupesh Joshi visited the site and asked representatives to vacate.
He reportedly set a deadline of June 1 for vacating the premises.
The incident has heightened tensions and raised concerns over interpretation of legal orders.",Action taken citing court order; dispute over scope of order (partial vs full sealing).,Local administration; involvement of Bhupesh Joshi.,Kali sena,,30.24,78.21,locality,https://www.instagram.com/reels/DZCyaSXFCnq/ ; https://www.newsclick.in/uttarakhand-muslims-receiving-end-another-mosque-sealed-amid-protests
r3904cf3e,39,2026-06-07,"Welfare area, Kalyan region, Mumbai",Maharashtra,"Discrimination, exclusion & prejudice",Muslim,"Muslims were offering Eid prayers in a designated area in Mumbai’s Kalyan region.
During the prayers, a group of individuals described as Hindu activists gathered and began protesting.
The protesters reportedly sat on the road and recited Hanuman Chalisa.
The situation created tension in the locality during the religious gathering.
Police intervened and attempted to calm both sides to maintain order.
The incident has sparked discussion regarding equal enforcement of public order norms.",No confirmed legal action reported; handled as a law and order situation by police.,Unidentified individuals described as Hindu activists.,Not specified,,19.05,73.07,locality,https://www.facebook.com/100001355761588/posts/27098892696405890/?rdid=e6NBBT6k1WLZECkm#
r11d5e76c,40,2026-06-07,Meerut,Uttar Pradesh,"Discrimination, exclusion & prejudice",Muslim,"A complaint was filed by a man named Puneet alleging that meat had been thrown outside his house.
Police reviewed CCTV footage to verify the claim.
The footage reportedly showed a boy carrying leftover meat on a bicycle, which accidentally fell on the road.
It was then observed that Puneet himself picked up the meat and placed it outside his house.
Following this, he informed the police about the incident.
Based on the findings, police took action against Puneet.
The case has raised concerns regarding false complaints and attempts to create misleading narratives.",Accused arrested; case registered (exact legal provisions not specified).,Puneet (complainant turned accused).,Not specified,,29.0,77.77,locality,https://www.facebook.com/100065239689932/posts/1374892491362061/?rdid=gS8Z4jk2xUm6fs2y#
r661b191a,41,2026-06-07,"Uttan, Mira-Bhayander, Mumbai",Maharashtra,Act of violence,Muslim,"An incident was reported in Uttan where individuals described as cow vigilantes intercepted a Muslim cattle transporter.
The group allegedly seized five cattle, suspecting they were meant for Eid sacrifice.
During the incident, the transporter was reportedly threatened and prevented from proceeding.
The individual pleaded to be allowed to leave, citing personal circumstances.
The confrontation created tension in the area and was reportedly captured on video.
Such incidents highlight concerns around vigilantism related to cattle transport.
No confirmed reports of police action or recovery of cattle have been noted so far.",No confirmed legal action reported.,Unidentified individuals described as “cow protectors.,Not specified,,19.25,72.79,locality,https://www.facebook.com/reel/1004872991955333 ; https://x.com/MuslimSpaces/status/2060280846897332586
rc8291dff,42,2026-06-07,"Sikandarpur village, Bhagwanpur area, Haridwar",Uttarakhand,Police atrocity,Muslim,"A video showing animal sacrifice was circulated on social media, leading to reactions in the area.
Police took cognizance citing concerns over potential disturbance to public order.
A team was formed under the supervision of local police officials to investigate the matter.
Within an hour, a युवक identified as Shoaib was traced and taken into custody.
During questioning, it was stated that a buffalo was sacrificed at home on Eid and the video was uploaded from his account.
Police also conducted a spot inspection and reported recovery of remains from the location.
The video was subsequently removed and legal action initiated against the individual.",victim taken into custody; case registered (exact provisions not specified).,"Uttarakhand Police (Bhagwanpur Police, Haridwar).",State law enforcement,,29.95,77.76,locality,https://www.facebook.com/reel/2005867403356526
r169535c9,43,2026-06-07,Siwan,Bihar,Act of violence,Muslim,"A 25-year-old Muslim man, identified as Shahzad, was allegedly killed in a mob assault in Siwan district.
According to the complaint filed by his wife, he was taken from his home by a group of individuals.
He was reportedly tied to a tree and beaten with sticks and physically assaulted.
The assault allegedly resulted in his death at the scene.
The complainant also alleged that cash amounting to ₹5,000 was taken from him.
Several individuals have been named in the complaint in connection with the incident.
The case has raised serious concerns regarding mob violence and law enforcement response.",Complaint filed naming multiple accused; further investigation status not confirmed.,"Amit Chaudhary (alias Avadhesh Chaudhary), Pramendra Manjhi, Chhatthu Manjhi, Avadh Kishore Chaudhary, Guddu Manjhi, Ranjan Chaudhary, Mantu Kumar, and others (as per complaint).",Not specified,,26.13,84.39,locality,https://timesofindia.indiatimes.com/city/patna/man-beaten-to-death-over-mobile-theft-allegation-in-siwan-fir-filed/articleshow/131423935.cms ; https://foej.in/bihar-mob-lynching-shahzad-ali-siwan/ ; https://x.com/meerfaisal001/status/2061131234416443737
r4af8e709,44,2026-06-07,"Medical Police Station area, Meerut",Uttar Pradesh,"Discrimination, exclusion & prejudice",Muslim,"A case initially reported as kidnapping and molestation in Meerut has been found to be false.
Police investigation revealed that the allegations were fabricated and not supported by evidence.
Authorities indicated that the case appeared to be a planned conspiracy.
According to police findings, the motive was to falsely implicate Muslim youth.
The main accused in the case is currently absconding.
Police teams are actively searching for the accused and continuing the investigation.
The incident raises concerns about misuse of serious criminal allegations and communal targeting.criminal allegations.",Case found to be false; investigation ongoing to apprehend the main accused.,Main accused (name not disclosed) currently absconding.,Not specified,,28.96,77.75,locality,https://www.facebook.com/100063934512304/posts/1458895256251611/?rdid=xCXij1qaYmJK76sc#
r55330975,45,2026-06-07,Online,Online,Act of hate,Muslim,"A controversial statement was circulated on social media by Ashwini Upadhyay.
In the post, he allegedly linked madrasas with the spread of terrorism.""Wherever Madrasa opened all over the world, terrorism spread and Hindus collapse!
The statement has been widely criticized as targeting a religious community.
Observers have raised concerns about such remarks contributing to communal polarization.
The content has been shared across platforms, drawing reactions from different groups.
Critics argue that such statements may promote misinformation and stereotyping.",No confirmed legal action reported yet.,Ashwini Upadhyay,Not specified,,,,not mapped,https://www.facebook.com/reel/2149483615844454
rc2c81d61,46,2026-06-07,"Khanpur, South Delhi, Delhi",Delhi,"Discrimination, exclusion & prejudice",Muslim,"A protest was reported in Khanpur against a non-vegetarian restaurant named “Kamal Chicken Corner.”
The establishment is reportedly owned by a Muslim individual.
Members of a Hindu group, along with supporters, gathered and objected to the use of the name “Kamal.”
They alleged that the name could mislead customers about the identity of the owner.
The group demanded removal of the signboard and warned of possible legal action.
Concerns were also raised by the protesters regarding food practices at the outlet.
The incident has triggered discussion around business identity and vigilantism.",No confirmed legal action reported yet.,Unidentified members of a Hindu group and supporters.,Not specified,,28.51,77.23,locality,https://www.facebook.com/reel/1023609763942458 ; https://www.instagram.com/muslimspaces_/reel/DZHu6ZZt59N/?hl=ar
rdcc0f646,47,2026-06-08,"Tri Nagar, Delhi",Delhi,"Discrimination, exclusion & prejudice",Muslim,"Tensions were reported in Tri Nagar following allegations regarding property transactions in the area.
Some local residents expressed concern over houses being purchased by individuals they identified as Muslims.
Claims were made that certain buyers were using common or neutral names, leading to suspicion among residents.
The issue led to protests and opposition against local builders and property dealings.
The situation reflects growing mistrust and social friction within the locality.
Observers have raised concerns about possible discrimination in housing practices.",No confirmed legal action reported yet.,Local residents and protestors,Not specified,,28.61,77.21,state-level,https://www.facebook.com/reel/4888706861355676
rf863b9db,48,2026-06-08,"Khoda Colony, Ghaziabad",Uttar Pradesh,Act of hate,Muslim,"A tense situation was reported in Khoda Colony despite the presence of police forces.
A group of individuals gathered near a Muslim-owned shop and surrounded a Muslim youth.
The crowd allegedly raised objectionable slogans at the spot.
The incident occurred in the presence of police personnel deployed in the area.
The situation contributed to heightened tension in the locality.
Concerns have been raised regarding the adequacy of immediate response on the ground.",No confirmed legal action reported yet.,Unidentified members of a Hindu group,Not specified,,28.77,77.46,locality,https://www.facebook.com/reel/982165687942845
r55f4c411,49,2026-06-08,Online,Uttar Pradesh,Act of hate,Muslim,"An incident has been reported in Uttar Pradesh involving an elderly Muslim man.
He was allegedly threatened and coerced by an individual to raise religious slogans.
The accused reportedly forced him to chant “Jai Shri Ram” against his will.
The act was accompanied by threats, creating fear for the victim’s safety.
The incident has circulated on social media, raising concerns about coercion and intimidation.
Such actions highlight issues related to vigilantism and religious freedom.",No confirmed legal action reported yet.,Individual identified as Charit Punia,Not specified,,,,not mapped,https://www.facebook.com/reel/1019180317351924
r1e91d097,50,2026-06-08,Bijnor,Uttar Pradesh,Act of hate,Muslim,"A video of Yogi Adityanath has circulated in which he speaks about self-defence and protection of one’s community.
In the speech, he is heard saying “shastra uthana hoga” (one must take up arms) in a particular context.
The remarks are being linked by some observers to recent tensions, including the Khoda incident.
Critics have interpreted the statement as potentially inflammatory in the prevailing atmosphere.",No confirmed legal action reported yet.,Yogi Adityanath,Bharatiya Janata Party (BJP).,,29.41,78.48,locality,https://www.youtube.com/live/V5_fDYN-rw4
rd32a460e,51,2026-06-08,Ghaziabad,Uttar Pradesh,Act of hate,Muslim,"In Ghaziabad Pinky Chaudhary addressing a crowd.
In the clip, he is heard making aggressive remarks referencing Eid prayers.""अब हर बार ईद की नमाज़ हमसे डर कर पढ़ेंगे कटमुल्ले।
अबकी बार इन कटमुल्लों ने अपनी ईद पुलिस प्रशासन के अंतर्गत पढ़ी है।
मैं ज्यादा कुछ नहीं कह सकता... क्योंकि घर में बच्चे देख रहे हैं।""

The speech includes use of derogatory language targeting Muslims.
He is seen gesturing emphatically while speaking in front of a gathering with flags visible.
The remarks suggest that members of the Muslim community would act under fear.
The video has drawn criticism for promoting hostility and communal tension.",No confirmed legal action reported yet.,Pinky Chaudhary,Hindu Raksha Dal,,28.77,77.46,locality,https://x.com/KarishmaAziz_/status/2060194584211476840
rab46cb21,52,2026-06-08,India,India,State-sponsored discriminatory practice,Muslim,"Reports indicate that authorities in certain areas advised limiting large Eid prayer gatherings.
Muslims were reportedly asked to offer prayers in shifts within mosque premises.
Statements attributed to some BJP leaders warned of stricter measures if guidelines were not followed.
The developments have sparked debate regarding religious practices in public spaces.
Concerns have been raised about proportionality and equal application of such restrictions.
No uniform nationwide policy has been officially confirmed across all regions.",Administrative advisories issued in some areas; legality subject to local law and order regulations.,Local administration and political leaders,Bharatiya Janata Party,,,,not mapped,https://www.aljazeera.com/features/2026/5/27/naturally-scared-indias-muslims-denied-public-spaces-for-eid-prayers
r615929ae,53,2026-06-08,Bihar (exact location not specified),Bihar,Act of hate,Muslim,"A video circulating on social media shows an individual identified as Sameer Chaudhary making a controversial statement.
In the clip, he is seen holding a dog while making remarks related to Eid sacrifice.""This Bakrid/Eid-ul-Adha, any poor Muslim who doesn't have the means to even buy a chicken... I, Sameer Chaudhary, am giving this to them... Here, take this for sacrifice, go offer it as qurbani.""

He says this while holding up a dog (a puppy or young dog) toward the camera/microphone, in a mocking tone

The statement is delivered in a mocking tone and references Muslims who may not afford sacrificial animals.
The content has been widely criticized as offensive and derogatory toward religious practices.",No confirmed legal action reported yet.,Sameer Chaudhary,Not specified,,25.17,85.55,state-level,https://x.com/MehdiHa67774942/status/2059012443406278891
rb2946284,54,2026-06-08,"Ghaziabad, Uttar Pradesh",Uttar Pradesh,Act of violence,Muslim,"A video statement attributed to Lalit Sharma has circulated on social media.
In the clip, he is heard making threatening remarks, including calls for violence against family members of an accused.
He also reportedly warned that Friday prayers would not be allowed in certain areas.
The statement was made in the context of protests following the murder of Surya Chauhan.
The remarks have raised concerns regarding incitement and communal tension.",No confirmed legal action reported yet.,Lalit Sharma,Hindu Raksha Dal,,28.77,77.46,locality,https://x.com/TheMuslim786/status/2061319583034998883
rb48abbec,55,2026-06-08,Meerut,Uttar Pradesh,"Discrimination, exclusion & prejudice",Muslim,"Police have reported an alleged extortion and conspiracy case involving Nakul Gurjar.
He is described as a cow vigilante and an accused in a prior serious criminal case.
Investigators state that a young woman was allegedly used to approach two Muslim youths under a pretext.
The plan was reportedly to later implicate them and extract money.
During investigation, police claim to have uncovered details of the alleged conspiracy.
An FIR has been registered against Nakul Gurjar and several individuals linked to Vishva Hindu Parishad (VHP).
Nakul Gurjar is currently absconding, and a reward of ₹25,000 has been announced for his arrest.",FIR registered; main accused absconding; reward announced; investigation ongoing.,Nakul Gurjar and others (as per police investigation).,Vishva Hindu Parishad (VHP).,,29.0,77.77,locality,https://www.instagram.com/p/DZP5aWgksaK/ ; https://x.com/KarishmaAziz_/status/2061117009799336139
r2f7accf1,56,2026-06-08,Ghaziabad,Uttar Pradesh,Act of hate,Muslim,"A protest rally was held in Ghaziabad following the murder of Surya Chauhan.
During the rally, members of a Hindutva group allegedly raised inflammatory slogans.""Jihadi kathmullo Ko 
Go।i maaro salo ko""
The slogans reportedly included calls for violence targeting Muslims.
Such statements were made publicly during the gathering.
The incident has raised serious concerns regarding hate speech and incitement.
The situation contributes to heightened communal tension in the area.",No confirmed legal action reported yet.,Unidentified participants of the protest rally.,Not specified,,28.77,77.46,locality,https://x.com/TheMuslim786/status/2061389511213674930
r5b3e598e,57,2026-06-08,Muzaffarnagar,Uttar Pradesh,Act of hate,Muslim,"An incident was reported in Muzaffarnagar on the night of Eid.
Three individuals, identified as Vijay Kashyap, Vansh Kashyap, and Mani Jatav, allegedly entered a Muslim-majority locality.
They reportedly raised religious slogans in the area.
The act is being viewed as an attempt to provoke communal tension.
The timing of the incident during Eid heightened sensitivity in the locality.
Residents expressed concern over disturbance of peace in the area.",No confirmed legal action reported yet.,"Vijay Kashyap, Vansh Kashyap, and Mani Jatav (as per reports).",Not specified,,29.45,77.74,locality,https://x.com/TheMuslim786/status/2061290294667346252
ra2c453ff,58,2026-06-08,"Bordehi Railway Station, Betul district, Madhya Pradesh",Madhya Pradesh,Act of violence,Muslim,"A 24-year-old man, Ali Khan, was allegedly killed in a mob assault following a dispute during a train journey.
He was travelling with friends when an argument broke out over a seat with another passenger.
The individual reportedly claimed association with a right-wing group during the altercation.
Later, when the train halted at Bordehi station around midnight, a mob allegedly gathered.
The group reportedly dragged Ali out of the train and assaulted him while raising religious slogans.
He sustained fatal injuries during the attack, while his friends managed to escape.","FIR being registered; police collecting CCTV footage, evidence, and eyewitness statements; investigation ongoing.",Unidentified mob,Not specified,,21.88,77.88,locality,https://x.com/KashifKakvi/status/2061409344764494258
r058f3d0f,59,2026-06-08,"Katni Railway Station, Katni,MP",Madhya Pradesh,Police atrocity,Muslim,"A group of children travelling from Bihar to different states for madrasa education were detained at Katni railway station.
The children, including 15-year-old Irfan Sheikh from Araria, were travelling with teachers.
Authorities stopped the train and took 163 children into custody on suspicion of human trafficking.
During the process, a remark allegedly made by police to a child (“Are you going to become a terrorist?”) has drawn concern.
Following investigation, no evidence of trafficking or forced labour was found.
All children were subsequently released after verification.
The incident has raised concerns regarding handling of minors and perceptions affecting specific communities.",Detention carried out on suspicion; no charges established; all children released after inquiry.,Indian Railways,State low enfoercement authority,,23.83,80.4,locality,https://zeenews.india.com/hindi/zeesalaam/muslim-news/madhya-pradesh-police-asked-child-on-his-way-to-madrasa-are-you-going-to-become-a-terrorist/3234767 ; https://x.com/JournoMirror/status/2061004492800450938
r407015c9,60,2026-06-08,Bijnor,Uttar Pradesh,Police atrocity,Muslim,"Police in Bijnor registered an FIR against around 40 individuals.
The case relates to allegations of offering namaz outside a designated Eidgah area.
The incident has drawn attention due to its timing during Eid prayers.
Discussions have emerged regarding enforcement of rules in public religious practices.
Concerns have been raised about consistency and equal application of such restrictions.
The matter has contributed to debate around religious freedoms and public order.",FIR registered against approximately 40 individuals; further investigation ongoing.,Bijnor police,State low enfoercement authority,,29.41,78.48,locality,https://x.com/JournoMirror/status/2061363207340752922 ; https://www.amarujala.com/uttar-pradesh/bijnor/fir-lodged-against-40-people-for-offering-namaz-on-road-bijnor-news-c-27-1-bij1007-181079-2026-06-01
r27f138a5,61,2026-06-08,"Khoda, Ghaziabad",Uttar Pradesh,Media manipulation & distortion of facts,Muslim,"Concerns have been raised regarding the conduct of a reporter during ground reporting in Khoda.
The reporter allegedly approached members of the Muslim community in the context of the Surya Chauhan murder case.
Questions posed were reportedly framed in a manner perceived as sensitive or leading.
It is alleged that when individuals declined to respond, remarks were made suggesting they were avoiding answers.
Such interactions were interpreted by some as contributing to a particular narrative.",No confirmed legal action reported; concerns relate to media ethics and conduct.,Unidentified reporter,Not specified,,26.87,81.02,locality,https://x.com/TheRFTeam/status/2061267708621291724
r3dd4fa03,62,2026-06-08,Ghaziabad,Uttar Pradesh,Act of hate,Muslim,"A statement by Dhirendra Krishna Shastri has circulated in connection with the Surya Chauhan murder case.
In his remarks, he linked the incident to broader community-related narratives.
He made statements emphasizing unity among Hindus and referenced religious identity in the context of the crime.
He also expressed support for past police actions such as the Asad encounter.
The comments have drawn criticism for being perceived as generalizing and potentially inflammatory.",No confirmed legal action reported; matter remains part of public discourse.,Dhirendra Krishna Shastri,Not specified,,28.77,77.46,locality,https://x.com/priyarajputlive/status/2061357362540376556
r4fa02af2,63,2026-06-09,Ghaziabad,Uttar Pradesh,Act of hate,Muslim,"A video statement attributed to Bittu Bajrangi has circulated widely on social media.
In the clip, he said ""The country is demanding a massacre bigger than the one in 2002"".
The statement included calls interpreted as advocating large-scale violence against Muslims.
He also reportedly made objectionable comments about Islam and the Quran.
The remarks were made in the context of the Surya Chauhan murder case.
The video has drawn widespread criticism for promoting hate and incitement.",No confirmed legal action reported.,Bittu Bajrangi,Not specified,,28.77,77.46,locality,https://x.com/TheMuslim786/status/2061464678698778631
rabcaaf97,64,2026-06-09,"Shakurpur, Delhi",Delhi,Act of violence,Muslim,"A Muslim family in Shakurpur alleged a violent mob attack following a dispute with a rickshaw driver.
The incident reportedly began with a minor argument over road obstruction near Mitthan Chowk.
According to the family, a group of 15–20 individuals later entered their house and assaulted members.
The victims claim that the father and brother were severely beaten, and property damage occurred.
A pregnant woman alleged she was physically assaulted and subjected to threats of sexual violence.
The family also reported threats to life during the incident.
Allegations have been made regarding delayed police response and insensitive conduct by officers.","Complaint filed; allegations include assault, criminal intimidation, and threats; police response under question.",Unidentified group of 15–20 individuals (as per family’s statement).,Allegedly linked to Bajrang Dal,,28.69,77.15,locality,https://theobserverpost.com/delhi-muslim-family-alleges-assault-by-mob-in-shakurpur-pregnant-woman-says-threatened-with-rape/ ; https://www.hindutvawatch.org/delhi-muslim-family-alleges-assault-by-mob-in-shakurpur-pregnant-woman-says-threatened-with-rape-the-observer-post/
rd51cd409,65,2026-06-09,"Nathupur, Gurugram",Haryana,"Discrimination, exclusion & prejudice",Muslim,"An incident was reported in Nathupur involving a dispute over a food vendor’s identity.
A woman identified as Neha Yadav accused a Muslim vendor of concealing his religious identity.
The vendor was selling vegetarian biryani in the area.
The activist alleged that she consumed the food believing the vendor to be Hindu.",No confirmed legal action reported.,Neha Yadav,Not specified,,28.49,77.1,locality,https://x.com/TheMuslim786/status/2061648049278255526
r19ac69b0,66,2026-06-09,"Gautam Vihar, New Usmanpur, Delhi",Delhi,Act of violence,Muslim,"A minor Muslim boy was allegedly killed in a stabbing incident in New Usmanpur.
The incident reportedly occurred late at night during a jagran event in the locality.
According to reports, the boy was called to the location and then surrounded by a group of attackers.
He was attacked with sharp weapons and sustained multiple stab injuries.
The assault resulted in his death at the scene.
The incident has raised serious concerns regarding targeting and safety of minorities.",Murder case registered; investigation ongoing; accused not yet identified.,Unidentified group of attackers.,Not specified,,28.62,77.3,locality,https://x.com/KarishmaAziz_/status/2062029123569230058 ; https://www.aajtak.in/programmes/video/delhi-usmanpur-17-year-old-minor-boy-stabbed-to-death-by-group-of-15-people-vdos-2568157-2026-06-02
r00496e14,67,2026-06-09,"Ahilyanagar (Ahmednagar), Maharashtra",Maharashtra,"Discrimination, exclusion & prejudice",Muslim,"A video showing Muslim women offering prayers at Ganga Udyan in Ahilyanagar went viral on social media.
Following this, members of Hindu organizations gathered at the site.
The protest was reportedly led by Sangram Jagtap.
Protesters recited Hanuman Chalisa at the location as a form of demonstration.
They also reportedly sprinkled cow urine at the site during the protest.
The incident has raised concerns regarding religious tensions in public spaces.",No confirmed legal action reported.,Members of Hindu organizations led by Sangram Jagtap.,Not specified,,19.13,74.74,locality,https://x.com/TheMuslim786/status/2062017945698791462
r70875c68,68,2026-06-09,"Khoda Colony, Ghaziabad",Uttar Pradesh,Act of hate,Muslim,"A video has surfaced from Khoda Colony alleging provocative statements by an individual.
The person has been identified as Lakshman Soni from Faridabad.
He is reportedly seen addressing local residents and making statements against the Muslim community.
The remarks allegedly include calls for social boycott and references to potential violence.
The statements are being viewed as capable of inciting communal tension in the area.",No confirmed legal action reported.,Lakshman Soni,Bajrang Dal,,28.77,77.46,locality,https://x.com/TheMuslimMatter/status/2062035841740947826
r00a340ca,69,2026-06-09,"Goregaon, Mumbai",Maharashtra,Attacks on religious spaces,Muslim,"The Hazrat Syed Barakat Ali Shah Peer Baba Dargah in Goregaon was reportedly demolished by authorities.
The dargah had been in existence for over 70 years, according to local accounts.
Officials cited the presence of multiple religious structures in the area as part of the justification.
However, concerns have been raised regarding selective action against this particular site.
Questions have been raised about whether similar verification and action have been applied to other structures.",Demolition carried out by authorities; legality and uniformity of action under question.,administrative authorities.,Government authorities.,,19.16,72.85,locality,https://x.com/warispathan/status/2061811131916959856
re843aedc,70,2026-06-09,"Khoda, Ghaziabad",Uttar Pradesh,Attacks on religious spaces,Muslim,"The local administration in Khoda issued notices and sealed three madrasas in the area.
It came to light following heightened tensions after the Surya Chauhan murder case.
Members of the Muslim community have raised concerns regarding selective enforcement.The person in charge of Madrasa Rahmania Arabia Qasim-ul-Uloom stated that when the authorities arrived to seal the madrasa, they tried to show the relevant documents. However, the documents were kept in the madrasa’s locker, and they were not allowed to go inside to retrieve them.
He further said that during the sealing, children were present inside the madrasa, most of whom belong to poor families and are orphans.
According to eyewitnesses, when the madrasa was being sealed, the children were crying and screaming because they had no way to get out. Despite this, the administrative officials closed the gate and sealed the premises.
The action has been viewed by some as disproportionately affecting minority educational institutions.
The incident has contributed to an atmosphere of fear and uncertainty among local residents.",Administrative action taken citing regulatory violations; legality and uniformity of enforcement under question.,Local administration,Government authorities.,info collected,26.87,81.02,locality,https://x.com/ANINewsUP/status/2061791001468080162 ; https://x.com/TheMuslimMatter/status/2061903362459938928 ; https://x.com/Millat_Times/status/2061793536933278180
rbafceacf,71,2026-06-09,"Kallu Garhi, Dasna, Ghaziabad",Uttar Pradesh,Attacks on religious spaces,Muslim,"Authorities carried out a demolition drive targeting a madrasa in the Dasna area of Ghaziabad.
The action was taken at Jamia Arabia Ishaatul Islam Madrasa in Kallu Garhi.
Officials reportedly cited regulatory or land-related violations as the basis for the action.
The demolition took place amid heightened tensions in the region.
Members of the Muslim community have raised concerns regarding selective targeting of their institutions.
The incident has been viewed by some as impacting religious freedom and minority rights.",Administrative action taken citing regulatory violations; legality and uniformity of enforcement under question.,Local administration,Government authorities.,,28.69,77.54,locality,https://x.com/ians_india/status/2062112110457553385
r291eef94,72,2026-06-09,"Near Rajghat, Varanasi",Uttar Pradesh,Attacks on religious spaces,Muslim,"A nearly 200-year-old mosque, identified as Ajgaib Shaheed Mosque, was demolished in Varanasi.
The demolition was carried out during a late-night operation under heavy security deployment.
Authorities stated that the structure was located on railway land designated for redevelopment of Kashi railway station.
The action was part of a project to develop a multi-modal transport hub.
Reports indicate that media access to the site was restricted during the operation.
Local residents reportedly expressed concern and agitation over the manner of demolition.",Demolition carried out under infrastructure redevelopment project; concerns raised regarding process and transparency.,local administration.,Government authorities.,,25.33,83.04,locality,https://www.thestatesman.com/india/why-a-200-year-old-mosque-in-varanasi-was-demolished-in-the-middle-of-the-night-1503601309.html ; https://www.bhaskarenglish.in/local/uttar-pradesh/news/varanasi-mosque-demolished-kashi-model-railway-station-project-138095859.html
r8bf27965,73,2026-06-10,West Bengal,West Bengal,Act of hate,Muslim,"A statement attributed to Suvendu Adhikari has sparked controversy.
In the statement, he reportedly said that those living in India must sing “Vande Mataram.”
The remarks were made in the context of discussions around making the song mandatory in schools and madrasas.
The statement has drawn concern from sections of the Muslim community and organizations.
All India Muslim Personal Law Board reportedly raised objections and sought reconsideration or exemption.
Critics argue that such remarks may raise questions regarding religious freedom and inclusivity.",No confirmed legal action reported.,Suvendu Adhikari,Bharatiya Janata Party (BJP).,,22.98,88.53,state-level,https://www.facebook.com/hindutvamedia/posts/west-bengal-leader-suvendu-adhikari-recently-said-that-people-who-want-to-live-i/1414166854078228/ ; https://www.facebook.com/reel/2118073048755531
rc0dd0836,74,2026-06-10,"Narraboniya village, South 24 Parganas, West Bengal",West Bengal,Act of violence,Muslim,"Three Muslim youths—Rajabel Mullah, Zaheer Mullah, and Hafizal Mullah—were allegedly abducted and tortured in South 24 Parganas.
The incident reportedly began near Viral Bridge when unknown persons approached and questioned them.
According to families, the youths were targeted after their Muslim identity was identified.
They were allegedly taken to an unknown location, where they were beaten and subjected to severe torture.
The attackers reportedly demanded ₹50,000 and looted cash, mobile phones, and motorcycles.
Victims also alleged being threatened at gunpoint and forced to record videos under coercion.",General Diary (GD) reportedly filed; no FIR registered; no arrests reported; investigation status unclear.,Unidentified group of attackers.,Not specified,,22.18,88.53,locality,https://www.hindutvawatch.org/three-muslim-youth-abducted-assaulted-in-west-bengal-police-inaction-questioned-clarion-india/ ; https://www.facebook.com/theobserverpost/photos/tension-and-concern-have-gripped-narabunia-village-under-the-jurisdiction-of-jib/1019489611026121/
r855be5d2,75,2026-06-10,Bhopal,Madhya Pradesh,State-sponsored discriminatory practice,Muslim,"A proposal has been approved to rename Barkatullah University in Bhopal.
The university, named after freedom fighter Maulana Barkatullah, may be renamed “Wagdevi Bhojpal University.”
The decision was taken by the Executive Council of the university.
The proposal will now be forwarded to higher authorities for final approval.
The development has drawn attention due to the removal of a name associated with a Muslim freedom fighter.
Observers have raised concerns regarding the erasure of minority historical figures from public institutions.",Proposal approved by Executive Council; pending final government approval.,Executive Council,Government authorities.,,23.26,77.4,locality,https://www.facebook.com/story.php?story_fbid=122164213616715217&id=61571456518964&post_id=61571456518964_122164213616715217&rdid=1Bbb4n8IUT1pzZuB#
r5c7af0e5,76,2026-06-10,"Itanagar Capital Region, Arunachal Pradesh",Arunachal Pradesh,Attacks on religious spaces,Muslim,"The district administration in Itanagar sealed three mosques located in C Sector, Ganga, and Gohpur areas.
Authorities alleged that the mosques were operating without required registration and legal permits.
Notices had reportedly been issued earlier, directing the management to comply with regulatory requirements.
A final notice dated May 28 warned of sealing in case of non-compliance.
After the deadline expired, officials sealed the mosques with police presence on June 4.
The action followed a complaint reportedly submitted by a local youth organization.
Concerns have been raised regarding the impact on Muslim religious institutions and possible selective enforcement.",Administrative action taken citing regulatory violations; compliance and uniformity of enforcement under question.,District administration led by Deputy Commissioner (Itanagar Capital Region).,Government authorities.,,29.11,95.4,state-level,https://www.facebook.com/northeastpublish/photos/-three-mosques-sealed-in-itanagar-capital-regionauthorities-in-the-itanagar-capi/1449050497239706/ ; https://echoofarunachal.in/news_details.php?nid=37633
rc4b93488,77,2026-06-10,"Sanoli village, Panipat district, Haryana",Haryana,Attacks on religious spaces,Muslim,"An incident affecting communal harmony was reported at a historic Jama Masjid in Panipat.
A man identified as Deepak allegedly entered the mosque premises and raised religious slogans.
He reportedly recorded a video outside the mosque making provocative statements, including claims of “occupying” the mosque.
The accused then entered the mosque and continued shouting slogans, creating tension in the area.
Local residents informed the police following the incident.
Police intervened promptly and detained the accused.
In a later video, the individual expressed regret and admitted intent to disturb communal harmony.",Accused detained by police; investigation ongoing.,Deepak,Not specified,,29.39,77.11,locality,https://www.facebook.com/TheGulbargaMirror/videos/haryana-in-panipat-a-man-identified-as-deepak-allegedly-entered-a-mosque-raised-/881527964246733/ ; https://www.facebook.com/muslimmirroreng/photos/in-a-tense-incident-that-risked-communal-harmony-a-man-identified-as-deepak-ente/1408734534625085
raa5722b2,78,2026-06-10,"Bordehi Railway Station, Betul district, Madhya Pradesh",Madhya Pradesh,Act of violence,Muslim,"A 24-year-old Muslim युवक, Ali Khan, was allegedly lynched following a dispute during a train journey.
He was travelling with friends when an argument broke out over a seat with another passenger.
The individual reportedly claimed links with a right-wing group during the altercation.
Later, at Bordehi station around midnight, a mob allegedly gathered and targeted Ali Khan.
The mob reportedly dragged him out of the train while raising religious slogans.
He was brutally assaulted and succumbed to his injuries.
The incident has raised serious concerns regarding mob violence and safety of Muslim passengers.",FIR being registered; CCTV footage and evidence being collected; investigation ongoing.,Unidentified mob,Not specified,Pending,21.88,77.88,locality,https://www.google.com/url?sa=t&source=web&rct=j&opi=89978449&url=https://timesofindia.indiatimes.com/city/bhopal/fight-over-train-seat-turns-fatal-teen-beaten-to-death-at-betul-stn/articleshow/131488470.cms&ved=2ahUKEwitpMnng4SVAxXpcPUHHV68DUUQFnoECBsQAQ&usg=AOvVaw1AQ-od7MOLaIf16Gtri_AV ; https://x.com/samar11/status/2061501436266160248
rfa077c30,79,2026-06-10,Ghaziabad,Uttar Pradesh,Act of hate,Muslim,"A statement attributed to Bhupesh Joshi has circulated amid recent tensions.
In the statement, he allegedly made remarks targeting Muslims and religious practices.
He reportedly warned that Muslims would be made to “forget namaz” and referred to reciting Hanuman Chalisa in mosques.
The remarks come in the context of heightened communal tensions following a recent murder incident in Ghaziabad.
Such statements are being viewed as provocative and capable of inciting unrest.
Multiple similar speeches have surfaced in recent days, raising concerns about escalation.
The situation highlights growing communal sensitivity in the region.",No confirmed legal action reported yet.,Bhupesh Joshi,Kali Sena,,28.77,77.46,locality,https://www.facebook.com/reel/1639839250431965
r852c515b,80,2026-06-11,Lucknow,Uttar Pradesh,"Discrimination, exclusion & prejudice",Muslim,"A Muslim digital content creator in Lucknow has alleged discrimination in accessing rental housing.
According to the complaint, several Hindu landlords refused to rent out flats upon learning of their religious identity.
The creator shared their experience through a video, which has since gone viral on social media.
The incident highlights ongoing concerns regarding housing discrimination faced by Muslims.
Such refusals, if based on religion, raise questions about equal access to housing.",No confirmed legal action reported yet.,Unidentified landlords (as alleged),Not specified,,26.84,80.93,locality,https://www.facebook.com/reel/27960391983548567
r8486c085,81,2026-06-11,"Jahangirpuri, Delhi",Delhi,Act of violence,Muslim,"A 26-year-old Muslim youth, Arbaaz, was stabbed to death in Delhi’s Jahangirpuri area on the night of Eid.
According to reports, the attack was carried out by an individual identified as Saurabh along with his associates.
The assault reportedly involved stabbing, leading to the victim’s death.
The timing of the incident during Eid has raised concerns within the Muslim community.
It is also being alleged that the main accused has links with Bajrang Dal.
Past allegations have also surfaced regarding the accused’s involvement in a previous violent incident.
The case has heightened concerns about safety and targeted violence against Muslim youths.",Murder case registered under Sections 103(1)/126/3(5) BNS at PS Jahangirpuri has been successfully worked out with the apprehension of all three involved CCLs.,Saurabh and his associates.,Allegedly linked to Bajrang Dal,,28.73,77.16,locality,https://x.com/TheLallantop/status/2062385691921936550 ; https://x.com/TheMuslimMatter/status/2061001982320509418 ; https://x.com/ANI/status/2060585785557209524
ra235595e,82,2026-06-11,"Khoda, Ghaziabad",Uttar Pradesh,Act of hate,Muslim,"A video circulating from Khoda shows a woman making highly inflammatory remarks targeting Muslims.
In the clip, she is heard calling for violence and humiliation against Muslim women.
The statement includes a demand to strip and publicly parade Muslim women.
Such remarks are widely viewed as incitement to violence and gender-based targeting.
The video has sparked concern over rising hate speech in the area.
The incident comes amid already heightened communal tensions in Ghaziabad.",No confirmed legal action reported yet.,Unidentified woman,Not specified,,26.87,81.02,locality,https://x.com/TheMuslim786/status/2062885625121092054
rc6e98813,83,2026-06-11,"Sambhal district, Uttar Pradesh",Uttar Pradesh,Attacks on religious spaces,Muslim,"A mazar (shrine) was demolished by the administration in Sambhal district.
The demolition took place in Baghau village under heavy police deployment.
Authorities claimed the structure was built illegally on government land a few years ago.
However, the caretaker stated that the shrine was several centuries old.
The demolition was carried out following orders from the Tehsil Court, later upheld by the District Magistrate.
Senior officials, including SP K.K. Bishnoi and DM Ankit Khandelwal, were present during the operation.
The incident has raised concerns regarding demolition of Muslim religious sites and competing claims over legality and heritage.",Demolition executed under court orders; dispute over historical status and legality remains.,District administration and police authorities.,Government authorities.,,28.43,78.56,locality,https://www.bhaskarenglish.in/local/uttar-pradesh/news/sambhal-mazar-demolition-sp-promises-removal-illegal-structures-138115733.html ; https://x.com/PTI_News/status/2058259670985498775
ra74eaac0,84,2026-06-11,Online,Online,Act of hate,Muslim,"A statement attributed to Rahul Dewan has circulated on social media.
In the statement, he called for a more organized and nationwide “Gharwapsi” movement.
He emphasized the need to make such efforts open, coordinated, and supported by institutions.
The appeal also included encouraging financial contributions for “Dharmic causes.”
Such campaigns are often associated with religious conversion or reconversion narratives.
The remarks have raised concerns regarding their potential impact on religious freedom and minority communities.",No confirmed legal action reported yet.,Rahul Dewan,,,,,not mapped,https://www.instagram.com/reels/DUKbLhtCWyl/
r488460fb,85,2026-06-11,"Sambhal district, Uttar Pradesh",Uttar Pradesh,Attacks on religious spaces,Muslim,"Authorities in Sambhal initiated demolition action against a structure identified as Masjid Mustafa Qadri.
The mosque was alleged by officials to be constructed on government land.
The action was reportedly carried out following an eviction order issued by the Tehsildar court.
The demolition forms part of an ongoing drive to remove encroachments from public land.
The development has raised concerns among the Muslim community regarding impact on religious structures.
Questions have also been raised about consistency and uniformity in such demolition drives.",Action taken under eviction order; legality based on land encroachment claims; broader concerns under discussion.,District administration.,Government authorities.,,28.43,78.56,locality,https://x.com/ians_india/status/2063196458271330758 ; https://x.com/IndiaToday/status/2063232774270820644
r42a3982e,86,2026-06-11,"Hazaribagh, Jharkhand",Jharkhand,Act of violence,Muslim,"A tragic incident of kidnapping and murder of two Muslim children was reported in Hazaribagh.
The victims, Tamanna (11) and her 1.5-year-old brother Rizwan, belonged to a family engaged in balloon selling.
The family originally hails from Ambedkar Nagar district of Uttar Pradesh.
According to reports, both children were abducted and later found murdered.
The incident has shocked the local community due to the brutality involved.
Police have arrested an accused identified as Sanjit Paswan in connection with the case.
The incident has raised concerns regarding safety of vulnerable and migrant Muslim families.",Accused arrested; murder case registered; investigation ongoing.,Sanjit Paswan,Not specified,info collected,24.09,85.49,locality,https://www.facebook.com/reel/1000898499352694 ; https://timesofindia.indiatimes.com/city/ranchi/bodies-of-missing-girl-toddler-brother-found-in-hazaribag/articleshow/131441781.cms ; https://www.thehansindia.com/news/national/jharkhand-siblings-missing-for-five-days-found-dead-in-hazaribagh-sit-to-probe-case-1081793
r6a594537,87,2026-06-12,"Noida, Uttar Pradesh",Uttar Pradesh,Act of violence,Muslim,"A Muslim youth, Wasim, was stabbed to death in Noida following a dispute.
The incident reportedly began over a disagreement related to water supply between neighbors.
The accused has been identified as Gaurav.
The altercation escalated into violence, leading to the fatal stabbing of Wasim.
The victim was reportedly the sole breadwinner of his family.
Following the incident, the family has demanded strict action against the accused.
They have also called for action similar to previous high-profile cases.",Murder case reported; further details regarding arrest and investigation awaited.,Gaurav,Not specified,,28.57,77.33,locality,https://x.com/iamharunkhan/status/2063320690082840607 ; https://www.facebook.com/watch/?v=986785887327388
rfb3e8fc6,88,2026-06-12,Online,Online,Act of hate,Muslim,"A video circulating on social media shows a woman making highly inflammatory remarks against Muslims.
In the clip, she is heard calling for deportation of Muslims and denial of basic necessities.
Such statements are widely viewed as promoting exclusion and hostility toward a religious community.
The remarks have raised serious concerns regarding hate speech and incitement.
The video has triggered reactions online, highlighting growing communal polarization.
Observers note that such narratives can contribute to fear and insecurity among minorities.",No confirmed legal action reported yet.,Unidentified woman,Not specified,,,,not mapped,https://x.com/TheMuslim786/status/2063118181997375711
rf2a42039,89,2026-06-12,"Chandauli district, Uttar Pradesh",Uttar Pradesh,Act of hate,Muslim,"A retired judge of the Allahabad High Court delivered a controversial speech during a workshop organized by a Hindu nationalist group.
In the speech, he reportedly made remarks targeting Muslims and questioned their place in the country.
He stated that those who do not chant certain national slogans should leave India.
The speech also included historical claims portraying Muslims negatively.
He further alleged that Muslims do not respect Hindu sentiments and should be viewed with caution.
Such remarks have been widely criticized as inflammatory and capable of inciting communal tension.",No confirmed legal action reported yet.,Retired judge (name not specified).,Not specified,,25.13,83.25,locality,https://x.com/MuslimSpaces/status/2063156177186525676
ra66a6734,90,2026-06-12,"Alwar, Rajasthan",Rajasthan,"Discrimination, exclusion & prejudice",Christian,"An incident was reported in Alwar involving a pastor arrested in a conversion-related case.
During police custody, former BJP MLA Gyan Dev Ahuja allegedly assaulted the pastor.
Reports state that he slapped the pastor while the latter was in police custody.
The act took place in the presence of police personnel.
The incident has raised concerns regarding conduct of public figures and custodial safety.",No confirmed legal action reported yet.,Gyan Dev Ahuja,Bharatiya Janata Party (BJP).,,27.41,76.62,locality,https://www.instagram.com/reels/DZO9l0PNh-H/
r5aa32fb2,91,2026-06-12,"Washim district, Maharashtra",Maharashtra,Act of violence,Muslim,"An incident of road rage in Washim district escalated into violence involving a Muslim family.
The dispute reportedly began over a minor parking issue while a Muslim youth was with his wife.
The situation allegedly took a communal turn during the altercation.
Individuals identified as Praveen Raut, Rajesh Raut, Pratik Raut, and Ankush Sontakke were initially accused.
Reports indicate that some of the accused were later injured, suggesting a possible escalation from both sides.
The incident has raised concerns about how minor disputes can quickly turn into communal conflicts.","Details regarding FIR, arrests, and final findings are not fully clear; investigation status awaited.","Praveen Raut, Rajesh Raut, Pratik Raut, Ankush Sontakke",Not specified,,20.29,77.24,locality,https://www.facebook.com/reel/990156927101504
ra9340bb3,92,2026-06-12,"Yamuna Colony, Dehradun",Uttarakhand,Attacks on religious spaces,Muslim,"The administration in Dehradun carried out a bulldozer demolition targeting a mazar in Yamuna Colony.
Authorities described the structure as “illegally constructed” on government land.
The demolition took place in a prominent residential area housing government officials and influential residents.
Officials stated that an investigation confirmed encroachment on public land.
The structure was removed as part of an enforcement action by the administration.
The incident has raised concerns regarding impact on Muslim religious sites.",Demolition carried out citing land encroachment; legality based on administrative findings; broader concerns under discussion.,Local administration,Government authorities.,,30.33,78.03,locality,https://www.facebook.com/ClarionIndia.net/photos/the-administration-in-dehradun-carried-out-a-bulldozer-operation-against-what-it/1622112183057830/ ; https://x.com/salaamtvnews/status/2063148935808741859
rd922914e,93,2026-06-12,Maharashtra,Maharashtra,"Discrimination, exclusion & prejudice",Muslim,"A case has emerged involving the alleged forced eviction of an 18-year-old Muslim tenant.
The eviction was reportedly carried out based on accusations described as “room jihad.”
The victim has filed a complaint at the local police station regarding the incident.
Such allegations are being viewed as an attempt to target and defame Muslims.
The incident highlights concerns about misuse of communal narratives in personal or housing disputes.
Observers note that such actions can contribute to social division and insecurity among minorities.",Complaint filed; further details regarding FIR and investigation awaited.,Not specified,Not specified,,20.0,78.0,state-level,https://www.facebook.com/reel/1729278325105893
rd7fbb82a,94,2026-06-12,"Rajkot, Gujarat",Gujarat,Act of hate,Muslim,"A statement by Dhirendra Krishna Shastri has sparked controversy.
While speaking to the media in Rajkot, he referred to a concept termed “friendship jihad.”
The remarks were made in the context of discussions following the Surya Chauhan murder case in Ghaziabad.
He also raised concerns about religious conversions in South Gujarat.
Additionally, he spoke about the need for “Hindu intelligence” in response to such issues.
The statements have drawn criticism for promoting communal narratives targeting Muslims.",No confirmed legal action reported.,Dhirendra Krishna Shastri,Not specified,,22.31,70.8,locality,https://www.aajtak.in/india/gujarat/story/dhirendra-shastri-friendship-jihad-on-surya-chauhan-murder-case-hindu-intelligence-rajkot-statement-lclar-strc-2572158-2026-06-07
r0b81cf74,95,2026-06-12,Online,Online,Act of hate,Muslim,"A statement attributed to Pinky Chaudhary has circulated on social media.
In the statement, he allegedly made remarks targeting the Islamic seminary Darul Uloom Deoband.
He reportedly described the institution in highly derogatory and controversial terms.
Such remarks have been widely viewed as inflammatory and harmful to communal harmony.
The statement has raised concerns regarding hate speech directed at Muslim institutions.",No confirmed legal action reported.,Pinky Chaudhary,Hindu Raksha Dal,,,,not mapped,https://www.facebook.com/reel/847390695096036
rbb058106,96,2026-06-12,"Tonk district, Rajasthan",Rajasthan,Act of hate,Muslim,"A man identified as Ajay Tiwari was arrested after a video containing inflammatory remarks went viral.
In the video, he allegedly made statements calling for violence against Muslims and used derogatory language.
He reportedly spoke about targeting madrassas and made references to violent acts.
The video triggered strong reactions on social media, prompting police action.
Tonk police arrested the accused following the circulation of the video.
In a subsequent clip, he was seen apologizing and claimed he was under the influence of alcohol when recording the video.
The incident highlights concerns regarding hate speech and incitement to violence against minorities.",Accused arrested; case registered; further investigation ongoing.,Ajay Tiwari,Not specified,,26.12,75.66,locality,https://muslimmirror.com/tonk-man-ajay-tiwari-arrested-for-hate-speech-inciting-genocide-against-muslims/ ; https://www.instagram.com/reels/DZRskwNpuVu/
rb5974ede,97,2026-06-12,"Ballia, Uttar Pradesh",Uttar Pradesh,State-sponsored discriminatory practice,Muslim,"A Muslim woman approached Samagra Samadhan Diwas in Ballia to seek resolution of a land dispute.
She reportedly presented her complaint and narrated her situation before officials.
Despite her repeated requests, no immediate action was taken on her grievance.
Local revenue officials, including the lekhpal, allegedly ignored her complaint.
The woman was reportedly sent back without any resolution or assurance.
The incident has raised concerns regarding access to justice for minority individuals.
It also highlights issues in grievance redressal mechanisms at the local level.",Complaint raised at Samadhan Diwas; no action reported; further follow-up unclear.,"Local revenue officials (including lekhpal, as alleged).",Government authorities.,,25.87,84.12,locality,https://x.com/virjust18/status/2063534998679072792
r50e6a977,98,2026-06-12,"Malviya Nagar, Jaipur",Rajasthan,Attacks on religious spaces,Muslim,"Preparations are underway for a possible demolition of a mosque in Jaipur’s Malviya Nagar area.
The mosque is reported to be around 45 years old.
Heavy police deployment has turned the area into a security zone ahead of the proposed action.
Authorities have stated that the demolition is part of a road-widening project.
The local Muslim community claims that the land was legally purchased in 1981 and that valid documents exist.
Concerns have been raised regarding alleged selective action, as no notice has reportedly been served to a nearby temple.
The situation has created an atmosphere of tension and uncertainty in the locality.",Demolition proposed under infrastructure project; dispute over legality and selective enforcement raised by locals.,Local administration,Government authorities.,Pending,26.86,75.81,locality,https://x.com/ShamsTabrezQ/status/2063695970576310395
rbe47325c,99,2026-06-12,"Baghau village, Sambhal district, Uttar Pradesh",Uttar Pradesh,Attacks on religious spaces,Muslim,"A mazar identified as Khade Wale Chaman Shah Baba shrine was demolished by authorities in Sambhal district.
Officials claimed that the structure was a recent illegal encroachment on government land.
However, the caretaker asserted that the shrine was 500–600 years old.
The demolition was carried out after the District Magistrate court rejected the caretaker’s appeal.
Heavy police deployment was present during the operation.
The incident has raised concerns regarding demolition of Muslim religious heritage sites.
Questions have also been raised about verification of historical claims and due process.",Demolition executed following rejection of appeal in DM court; dispute remains over historical status and legality.,District administration and police authorities.,Government authorities.,,28.43,78.56,locality,https://x.com/MuslimSpaces/status/2063672641001849059
r90a7011c,100,2026-06-12,West Bengal,West Bengal,Act of violence,Muslim,"A Muslim youth, Ibrahim Ali Khan, was allegedly assaulted by members of a group identified as Rudra Sena.
The attack reportedly took place over allegations of an offensive social media post related to cows.
The accused allegedly beat the victim and subjected him to physical violence.
Reports further state that he was forced to chant “Vande Mataram” during the assault.
The incident has raised concerns regarding vigilantism and targeting of Muslims over allegations.",No confirmed details regarding FIR or arrests; further investigation awaited.,Members of Rudra Sena (as per reports).,Rudra Sena,,22.98,88.53,state-level,https://x.com/TheMuslim786/status/2063843493064437841
r6049f5c5,101,2026-06-12,"Kanpur, Uttar Pradesh",Uttar Pradesh,"Discrimination, exclusion & prejudice",Muslim,"A Muslim woman visiting Ursula Government Hospital in Kanpur alleged discrimination while accessing medical services.
She claimed that she was asked to remove her hijab before being given medication.
According to her account, the instruction was specifically directed at Muslim women.
The incident reportedly caused distress and raised concerns about religious freedom in public institutions.
Such allegations point to potential targeting based on religious identity.
The matter has sparked concern regarding equal access to healthcare services.",No confirmed details regarding FIR or arrests; further investigation awaited.,Hospital staff (not specifically identified).,Not specified,,26.46,80.32,locality,https://x.com/TheMuslim786/status/2063875220365349081
rd6ac40ec,102,2026-06-13,"Shivaji Nagar, Mumbai",Maharashtra,State-sponsored discriminatory practice,Muslim,"A Muslim activist in Mumbai faced legal and administrative action following allegations of fraudulent documentation.
Authorities registered multiple FIRs accusing him of obtaining a birth certificate through illegal means.
The action reportedly followed a campaign led by a Hindutva leader in the area.
Subsequently, the administration demolished the activist’s three-story house.
The demolition has raised concerns regarding due process and proportionality of action.
Observers have questioned whether the action was selective or influenced by external pressure.",Four FIRs registered; demolition carried out; legality and due process of demolition under question.,Local administration,Government authorities,,19.06,72.92,locality,https://x.com/MuslimSpaces/status/2063909795275628912
r4cf4a41d,103,2026-06-13,"Surat, Gujarat",Gujarat,"Discrimination, exclusion & prejudice",Muslim,"Protests were held in Surat against the allocation of government housing to Muslim families.
Residents of several housing societies, along with members of Hindu nationalist groups, participated in the demonstration.
The protest opposed the allotment of over 60 housing units to Muslim beneficiaries in a Hindu-majority locality.
Speakers at the protest reportedly used derogatory language and made claims about social disruption.
Demands were raised for immediate cancellation of the housing allocations.
The incident has raised concerns regarding housing discrimination and social exclusion of Muslims.",Protest conducted; no confirmed legal action reported regarding hate speech or housing allocation.,Local residents and members of Hindu nationalist groups.,Not specified,,21.21,72.83,locality,https://x.com/MuslimSpaces/status/2063885324867322196
rd84dbbdf,104,2026-06-13,"Sanjauli, Shimla, Himachal Pradesh",Himachal Pradesh,Act of violence,Muslim,"Two Muslim men were allegedly publicly humiliated in Sanjauli, Shimla.
The incident occurred during a protest by Hindu nationalist supporters.
The men were accused of “love jihad” and alleged misconduct involving a Hindu girl.
Despite denying the allegations, they were reportedly paraded and humiliated in public.
The situation created tension in the area and drew attention on social media.
Police later took both individuals into custody and brought them to the police station.
The incident has raised concerns about vigilantism and public humiliation based on unverified allegations.",Individuals taken into police custody; further details regarding FIR and investigation awaited.,Members of Hindu nationalist groups (not specifically identified).,Not specified,,31.1,77.19,locality,https://x.com/MuslimSpaces/status/2064004859821801481
r2ce94599,105,2026-06-13,"Kachnar village, Sitapur district, Uttar Pradesh",Uttar Pradesh,Attacks on religious spaces,Muslim,"Action was initiated against a madrasa allegedly built on government pond land in Sitapur district.
The structure, identified as Jamia Abdullah Bin Masood Madrasa, was reportedly constructed around 15 years ago.
Following complaints and an administrative inquiry, authorities declared the construction illegal.
The District Magistrate court also issued orders for removal of the structure.
Before the administration could carry out demolition, the madrasa management reportedly began dismantling the building themselves.
The structure was being manually demolished using tools by workers.
The incident has raised concerns regarding actions affecting Muslim educational institutions and enforcement processes.",Demolition ordered by District Magistrate court; structure being voluntarily dismantled before enforcement.,District administration,Government authorities.,info collected,28.57,77.33,locality,https://x.com/salaamtvnews/status/2064931177698578577 ; https://www.bhaskar.com/local/uttar-pradesh/sitapur/news/sitapur-madrasa-demolition-pond-land-vaishali-dm-order-
r97bbaafe,106,2026-06-13,"Sultanpur, Uttar Pradesh",Uttar Pradesh,Act of violence,Muslim,"An incident of alleged violence against Muslim youths was reported in Sultanpur.
According to reports, a group of individuals assaulted the youths and subjected them to physical violence.
The victims were reportedly forced to chant religious slogans during the assault.
The incident has raised concerns regarding vigilantism and coercion based on religious identity.","Taking cognizance of a viral video of a brawl on social media, the Chandwa police station, Sultanpur, conducted an investigation. The video is from the Faramapur area. In the case, 2 accused have been identified; regarding the arrest and other proceedings, a byte from the Area Officer Lambhua:",Unidentified group(Names are not disclosed),Not specified,Not responded,26.26,82.24,locality,https://x.com/imshaukatali/status/2064961435764216234 ; https://x.com/sultanpurpolice/status/2064986740742619452
r3c254734,107,2026-06-13,"Mandsaur, Madhya Pradesh",Madhya Pradesh,Act of violence,,"A mosque imam, Mohammad Hussain, has alleged that he was attacked by a large mob in Mandsaur.
According to his account, around 50–100 individuals were involved in the assault.
He stated that he was verbally abused and labeled a “Bangladeshi.”
The mob allegedly snatched his mobile phone during the incident.
He further claimed that he was forced to chant religious slogans under duress.
The attackers also allegedly threatened to implicate him in false cases such as cow slaughter and theft.",No confirmed legal action reported.,"Unidentified mob (50 individuals, as alleged).",Not specified,info collected,24.26,75.39,locality,https://x.com/TheMuslim786/status/2059505024804548837
r508e3a8d,108,2026-06-13,"Parli, Beed district, Maharashtra",Maharashtra,Act of violence,Muslim,"A Muslim man, Tauheed Khan alias Afzal Pathan (36), was allegedly murdered in Beed district.
According to reports, two individuals—Rishikesh Phad (27) and Gaurav Vyas (26)—lured him to a deserted location.
The accused reportedly killed him by crushing him with stones.
They then allegedly dumped the body on railway tracks to make it appear as a suicide.
The motive is said to be a money dispute between the victim and the accused.
Police arrested both accused, who have reportedly confessed to the crime.
The incident highlights concerns over violent crime and attempts to mislead investigations.",Both accused arrested; confession reported; murder case under investigation.,Rishikesh Phad (27) and Gaurav Vyas (26).,Not specified,info collected,18.85,76.53,locality,https://x.com/Delhiite_/status/2063137670319247478 ; https://theobserverpost.com/beed-rishikesh-phad-gaurav-vyas-kill-friend-tauheed-khan-dump-body-on-railway-tracks-to-fake-suicide-police-say/
